hydroID_GLAHF,bottle_vial_ID,streamName,chloride,Flowlitersday,chlorideLoad_kgday,chlorideYield_kgdaykm2,urban,barren,forest,shrubland,herbaceous,agriculture,wetland,StrahlerOrder,Areakm2,damspresent,Population_Density_n_km2,Road_Density_kmroad_km2,MaxImperviousness,MeanImperviousness
2109534,216,St. Joseph River,32.0674,9240360086,296314.323,24.23644259,14.04596565,0.246862137,11.63242281,0.287121395,0.994699889,60.05446495,12.73846317,6,12225.9825,yes,79.1,2.2,100,3.626588464
2109413,64,fox river,23.1543,6419485057,148638.6829,9.025442102,9.000175378,0.118548142,26.27638864,0.44955093,0.636179976,44.25628538,19.26287155,6,16468.8534,yes,47.8,1.6,100,2.181627016
2109298,84,Menominee River,5.98452,4701502225,28136.2341,2.67071619,4.015014316,0.142125803,55.09010367,2.028439597,2.475071648,4.45791409,31.79133087,6,10535.0895,yes,6.4,1.2,100,0.500797862
2109493,203,Grand River,51.4164,4364737999,224419.1149,15.52403455,15.04676726,0.38741135,16.89084402,0.255386722,0.948920695,54.28126848,12.18940147,6,14456.2365,yes,108.4,2.2,100,4.253286524
2109428,185,Manistee River,12.588,3538895944,44547.62214,8.821158998,6.068187735,0.156433002,56.13977403,5.220063964,11.45223627,9.141060149,11.82224485,5,5050.0872,yes,12,1.9,100,0.792245983
2109506,207,Kalamazoo River,43.4607,3125194745,135823.1513,25.76224493,13.99892209,0.463500089,21.92658876,0.39384667,1.387897216,49.14999943,12.67924574,5,5272.1784,yes,88.6,2.2,100,3.524051993
2109488,200,Muskegon,18.5328,2218107696,41107.74631,5.821096403,8.893420371,0.215528421,41.19382049,3.206856475,7.272009264,20.39894571,18.81941927,6,7061.8563,yes,33.5,2,100,1.733481025
2109142,126,manistique river,3.17722,1992229963,6329.752883,1.661373001,3.062939972,0.115112227,39.12376197,3.722794719,4.361031914,1.006724938,48.60763426,6,3809.9529,yes,2.4,1,100,0.375598029
2109306,160,elk lake outlet,8.73424,1884219857,16457.22844,12.66168073,8.901625418,0.202014834,50.19126936,2.908232124,12.73365536,16.65094572,8.412257182,5,1299.7665,yes,19.6,2.1,100,1.353621593
2109496,236,Milwaukee River,73.2529,1518004667,111198.2441,49.64925244,30.21240094,0.171435786,12.15915314,0.706649947,0.826447959,43.63741027,12.28650196,5,2239.6761,yes,432.6,3.8,100,11.77530421
2109225,153,Pine River,11.7094,1467313816,17181.3644,20.11640172,8.196956265,0.24549606,52.39584044,1.504761398,7.950419967,16.42142103,13.28510484,5,854.0973,yes,24.5,1.8,100,1.552885836
2109316,80,peshtigo river,5.54952,1235818463,6858.199277,2.349178033,4.550464175,0.041507132,44.14991087,1.886679211,1.236621926,15.7657292,32.36908748,5,2919.4038,yes,7.7,1.3,100,0.430348895
2109454,191,Pere Marquette River,20.9649,1166928437,24464.53799,12.49733114,6.019958123,0.085496209,57.74404625,3.623827863,5.336035045,12.44782868,14.74280784,5,1957.581,yes,13.4,1.8,100,1.013845404
2109342,74,oconto river,6.28486,1041386160,6544.966222,2.586897261,5.218166101,0.022512193,41.96702656,0.884896759,1.27813159,21.82178284,28.80748396,5,2530.0449,yes,10.2,1.4,100,0.555830491
2109555,223,Portage Burns waterway,46.3946,1013595431,47025.35458,54.8000197,38.31029267,0.277545667,13.12894662,4.486635711,6.567382038,27.59241826,9.636779032,5,858.1266,yes,340.7,4.5,100,14.2058053
2109188,100,escanaba river,20.4135,832530500.6,16994.86137,6.786200351,4.077513373,1.786165899,46.12348589,4.743332618,4.330343096,2.565129936,36.37402919,5,2504.3265,yes,8.6,1.3,100,0.655245392
2109334,166,Boardman River,18.1366,800606476.8,14520.27943,19.75162863,12.83791399,0.209893025,45.07127095,6.295538396,14.53308821,10.03241069,11.01988473,4,735.1434,yes,53,2.7,100,3.049590733
2109520,212,Black river,19.8963,543588253.1,10815.39496,14.57267113,8.736757038,0.216610761,24.82069033,0.56545126,3.938478116,44.62501491,17.09699759,5,742.1697,yes,37.2,1.8,100,1.751693177
2109449,17,Manitowac River,23.9269,520590414.7,12456.11479,9.105245236,7.850644247,0.297446564,6.278795288,0.486261621,0.582786206,69.64629264,14.85777344,5,1368.0153,yes,31.6,1.6,100,1.917962102
2109381,181,Betsie,13.0808,511510292.1,6690.963829,10.81023536,9.055833905,0.121315094,49.64989172,3.441712441,12.73760221,8.214833908,16.77881073,4,618.9471,no,32.4,2.2,100,1.420764876
2109480,198,White River,18.6211,504195013.4,9388.665764,6.736232466,7.404815101,0.237396471,50.33080696,3.138697527,7.305763244,18.51666236,13.06585833,4,1393.7562,yes,25.4,2,100,1.298863245
2109219,151,Bear River,10.3303,434143612.8,4484.833763,14.92398556,7.578560592,0.088978792,51.8451897,1.113515174,6.549863331,13.96678979,18.85710262,4,300.5118,yes,35,1.8,100,1.53136549
2109360,180,Platte River,7.04986,432963278.5,3052.330499,6.117627921,7.233354615,0.320597303,58.27959131,2.295531358,13.21321673,9.913329389,8.744379297,4,498.9402,yes,32.6,2.1,100,1.213027934
2109275,176,Leland River,7.70694,407726783.8,3142.325859,8.686726055,8.496574698,0.330356254,35.85167724,2.029726529,13.37998163,27.03249333,12.87919032,3,361.7388,yes,28.7,2,100,1.394370192
2109205,98,ford river,2.90498,407178588.1,1182.845655,0.987747374,2.974870282,0.124574671,39.84512949,2.899959681,2.870342109,4.139451284,47.14567248,5,1197.5184,no,3.6,1.1,99,0.292317763
2109144,112,Whitefish River,4.39368,390754972.6,1716.852308,2.145717511,2.251889271,0.20348601,44.58160658,2.325586645,2.062059283,3.544584089,45.03078812,5,800.1297,yes,4,1,92,0.212113611
2109470,7,Sheboygan River,44.0671,350564276.4,15448.35102,13.70954843,9.961867832,0.157891008,10.22547577,0.522062873,0.594204812,63.93039913,14.60809858,4,1126.8315,yes,63.7,1.9,100,3.075449169
2109230,94,cedar river,1.51015,344079111.8,519.6110707,0.62970566,4.338258993,0.24910546,29.93198765,1.823932698,2.314058616,8.030045615,53.31261096,4,825.165,yes,4.9,1.1,100,0.569207613
2109447,189,Big Sable River,10.0952,273100557.2,2757.004745,5.976010046,5.477788667,0.894781503,54.2492362,3.125057786,5.222195512,12.26066393,18.77027641,4,461.3454,yes,11.7,1.7,99,0.544591753
2109445,20,east twin,31.3398,264380914,8285.644969,10.51343968,7.77417443,0.28704503,8.896217861,1.028157696,0.637024453,71.19037711,10.18700342,5,788.1003,yes,36.8,1.8,100,1.811287853
2109170,113,sturgeon river,2.9575,257438949.5,761.3756931,1.340032112,2.545166026,0.349793334,44.334798,2.351940644,1.935349329,0.19224785,48.29070482,3,568.1772,yes,2.8,1.3,93,0.230781172
2109461,193,Pentwater River,12.2682,251967821.7,3091.19163,6.989904567,7.616890584,0.211471724,32.46996094,1.916616782,9.847012139,34.4194916,13.51855623,5,442.2366,yes,19.2,2,100,1.651697078
2109501,206,macatawa river,41.6755,224852154.2,9370.825952,21.18311141,35.06460666,0.856240336,7.5187892,0.188202911,0.912825572,51.59309204,3.866243279,4,442.3725,yes,245.2,3.5,100,12.48160724
2109542,218,galien River,18.5682,222549229.3,4132.338599,9.072167215,8.285273672,0.53438634,20.75700426,0.823737962,8.138610556,48.13570909,13.32527812,5,455.4963,yes,38.5,1.9,100,1.842618261
2109151,103,rapid river,6.91853,161214654.2,1115.368422,3.116382964,2.897518139,0.058408568,37.15011505,1.529700253,1.098685304,3.090367118,54.17520556,3,357.9048,yes,3.2,1.1,100,0.316527188
2109451,190,Lincoln River,11.6765,155294466.2,1813.295835,6.971629883,8.3,0.10070922,34.16843972,2.855319149,9.786524823,28.5177305,16.2712766,3,260.0964,no,21.5,1.8,100,1.278588631
2109368,71,pensaukee,31.5967,138384548.1,4372.495051,12.15691277,6.334529222,0.432327665,19.7434655,0.42956599,1.006253939,56.39315205,15.66070563,4,359.6715,no,21.3,1.5,97,0.837992168
2109111,137,Lower millecoquins river,3.02781,130121448.3,393.9830224,1.49495572,3.91692096,0.181422603,36.87536059,3.716382948,5.53756004,12.45629523,37.31605764,4,263.5416,yes,2.1,1.2,97,0.469975139
2109311,178,Crystal River,2.96558,115812736.3,343.4519345,2.854228918,6.936874916,3.073069053,69.07043008,1.263075364,10.8704798,3.449792515,5.336278278,4,120.3309,yes,12.9,1.9,94,0.853149939
2109149,114,fishdam river,2.49915,113949820.8,284.7776947,1.166352098,3.756933189,0.146098827,47.04716799,2.43832622,3.559160731,8.345477256,34.70683579,3,244.161,no,2,1.4,100,0.440303734
2109132,133,Milakokia River,7.78402,95349661.18,742.2036696,4.65815669,2.887496595,8.578346802,24.92750991,1.874754079,6.038923696,0.216713581,55.47625533,4,159.3342,yes,2.2,0.8,100,0.563421412
2109508,232,Root River,56.0094,84131436.41,4712.151274,9.162974516,34.50360876,0.415293052,9.174952308,0.552962172,1.863192411,48.86462537,4.625365931,4,514.26,yes,370,3.8,100,12.55416346
2109122,144,Brevort River,1.33337,83984488.85,111.9823979,0.715842538,4.002030298,0.105419335,43.05468791,1.175230361,6.34272997,0.340985996,44.97891613,3,156.4344,yes,5.2,1.1,75,0.399629493
2109304,177,Shalda Creek,7.01381,82965235.86,581.9024009,7.166065096,8.879831138,1.102700342,52.41890482,1.631608317,15.43416551,12.81631366,7.716476211,3,81.2025,no,15.7,2.3,100,1.304183984
2109400,30,ahnapee river,22.5773,80063885.97,1807.626373,5.958024074,6.350424224,0.13055335,6.919624934,0.531432429,0.09873283,71.53520628,14.43402595,4,303.3936,yes,22.1,1.7,100,1.557130737
2109155,148,Carp Lake river,6.49411,79428081.78,515.8147002,4.34032916,6.863120504,0.134427218,23.52476312,1.448555111,7.13360436,8.580530051,52.31499963,2,118.8423,yes,8.9,1.6,91,1.100274902
2109159,101,days river,7.53722,68715259.07,517.922025,3.156869602,4.191662821,0.025820203,37.46896082,2.921528556,1.29155954,2.953941152,51.14652691,3,164.0619,yes,16.6,1.2,97,0.562726629
2109417,27,kewaunee river,25.6157,67290338.52,1723.689124,4.659141835,6.662635945,0.102637116,8.192928522,0.618504424,0.418593652,77.69166445,6.313035889,4,369.9585,yes,23.7,1.7,100,1.550221984
2109468,8,Pigeon River,71.3591,65053740.03,4642.17634,22.83147959,11.57883038,0.143146102,10.96534708,0.469003534,0.568583432,70.66260641,5.612483051,3,203.3235,yes,69.6,1.9,100,2.809512427
2109495,205,Pigeon River,20.9772,64763094.85,1358.548393,8.242633576,13.31742767,1.194021665,24.43000137,0.680652681,3.999451529,48.42506513,7.953379953,3,164.8197,no,63,2.4,100,3.67746392
2109474,195,Stony Creek,20.6851,64356589.4,1331.222487,8.95247031,10.96552695,0.253973305,33.81578062,2.383677166,9.46739044,38.70553172,4.408119802,3,148.6989,yes,22.2,2.6,100,2.510492008
2109110,139,Black River,2.72336,62816264.14,171.0713011,1.304969335,3.263933772,0.009626095,39.51924531,2.339141077,9.127600765,0.462740137,45.27771284,3,131.0922,no,1.5,1.1,91,0.316481072
2109402,65,suamico river,43.6557,60396674.68,2636.659111,14.98320556,10.25583149,0.092852416,15.91880287,0.339603864,0.267271319,66.3746005,6.751037536,3,175.9743,no,63.9,2,100,2.020007467
2109388,68,little suamico river,68.9255,56260001.28,3877.748718,24.52798109,10.55774507,0.375290165,17.89472483,0.587460289,0.519018314,61.33199491,8.733766419,3,158.0949,no,28.5,2,100,2.42138551
2109489,201,Mona Lake Outlet,47.8978,55459941.38,2656.40918,13.70214687,38.66969859,0.20710771,26.28899782,0.291083046,4.546934193,20.90278204,9.093396614,3,193.8681,no,234.5,3.9,100,11.9423051
2109186,149,Wycamp Creek,2.44048,55196387.97,134.7056809,2.354829748,4.309759852,0.026480859,41.26214396,3.545125039,13.58633588,16.43468331,20.83547111,3,57.204,yes,10.9,1.4,70,0.413058527
2109405,183,Bowens Creek,4.84131,51479447.49,249.2279639,3.866193281,6.084234571,0.228423175,44.91476432,1.933136871,16.09396371,22.93255876,7.8129186,3,64.4634,no,17.2,1.7,96,0.875240834
2109217,96,bark river,13.2967,50325417.93,669.1619846,4.956623265,5.33322624,0.543496449,27.73103619,1.221528349,2.538101645,17.12281547,45.50979565,3,135.0036,no,12.4,1.2,99,0.731393829
2109418,184,Hansen Creek,10.77,49030851.09,528.0622662,8.272623918,12.75967297,0.78656636,39.54699,1.778749653,14.33117381,25.62541817,5.171429038,2,63.8325,no,18.7,2.5,100,2.030722594
2109393,182,Herring lake Outlet,6.85154,48386086.38,331.5192063,5.631042936,6.570835173,0.080132136,44.94268099,1.538864086,7.880750298,25.71750969,13.26922762,3,58.8735,yes,14.8,1.7,99,0.95874035
2109547,220,Trail Creek,63.0913,43710494.74,2757.751937,18.23020204,22.43200344,0.071606736,28.46009715,5.063192944,11.70591114,19.4812092,12.7859794,4,151.2738,yes,180.8,3.4,100,8.429629586
2109337,165,East Branch Mitchel Creek,16.859,43464671.46,732.7708961,18.08707952,32.45040477,0.011120007,18.11004359,2.039409305,12.57228005,21.93087804,12.88586425,3,40.5135,no,142,2.9,100,10.52080418
2109227,154,mcgeach creek,5.41668,43147110.26,233.7140892,8.991770129,5.192665054,0.708250061,21.96977666,1.865292241,6.363731987,40.34571018,23.55457382,2,25.992,no,22.4,1.3,74,0.699099723
2109330,162,Acme Creek,5.5959,40804505.61,228.3379329,6.332272111,14.61830536,0.097422062,63.22442046,3.050059952,8.820443645,6.612210232,3.577138289,3,36.0594,yes,78.7,2.8,100,2.793266111
2109222,152,Susan Creek,645.237,37598924.16,24260.21703,1105.697391,5.784392259,0.016864117,35.5748556,1.235296598,10.41780851,29.37307644,17.59770648,2,21.9411,no,27.2,1.6,61,0.846753353
2109165,111,ogontz river,4.97694,37142501.15,184.8559997,2.087671446,3.979249313,0.042722002,27.15898688,1.520699827,1.747533313,0.826975893,64.72383277,2,88.5465,no,2.5,1.3,72,0.373654521
2109459,192,Kibby Creek,39.0596,35046761.42,1368.912482,22.93515892,13.19704068,0.687773098,21.0417554,2.102755825,7.557616772,45.36936255,10.04369568,3,59.6862,yes,18.5,2.9,100,2.866009228
2109115,142,Paquin Creek,1.0954,34802678.64,38.12285418,0.584742226,2.539269607,0.132901639,36.97069095,2.871523703,5.618628851,0.230457097,51.63652816,3,65.196,yes,1.5,0.8,90,0.351794589
2109276,170,Bellangers Creek,6.37336,33896470.76,216.0344109,8.170679907,6.850687487,0.086367719,31.3618462,2.760312306,10.10847786,38.85856422,9.973744213,2,26.4402,yes,28.6,1.9,92,1.442371843
2109152,102,tacoosh river,4.37764,33855961.33,148.2092106,1.95130995,5.905091659,0.101975478,37.17243342,2.592074371,1.395641141,6.980577229,45.8522067,2,75.9537,no,4.1,1.4,100,0.898901568
2109478,196,Flower Creek,12.7896,33633571.49,430.1599259,5.038588571,10.07474951,1.56708901,27.79833537,1.276573186,9.171393734,45.75836293,4.353496263,3,85.3731,no,24.5,2.2,97,1.985715641
2109527,215,Brandywine Creek,25.6184,32745862.27,838.896598,20.21530137,9.795448623,0.63189438,38.26543907,0.366976461,10.88986363,16.35759576,23.69278207,3,41.4981,no,32.1,2.4,100,1.856969355
2109438,187,Gurney Creek,3.9783,31789459.08,126.4680051,2.609034806,8.86437451,0.332250719,53.25904357,5.532534438,11.56904469,5.233882107,15.20886997,2,48.4731,no,15.9,1.7,90,0.890826046
2109471,194,Silver creek,8.38055,30530976.88,255.8663783,3.99000696,10.64085804,3.153782162,40.17469844,2.449640502,9.34101848,27.45112603,6.788876344,3,64.1268,yes,18.9,2.4,97,2.702520631
2109325,44,whitefish bay creek,12.9367,27971649.21,361.8608343,5.349346661,5.796077545,0.01554287,18.23461256,0.666930424,0.440852314,53.40812751,21.43785678,3,67.6458,yes,15.2,1.5,78,0.712461084
2109515,231,Pike River,98.6745,27934082.25,2756.381599,20.96841176,41.14733943,0.446462301,6.980609799,0.427230079,4.216664721,44.61738181,2.164311864,3,131.454,no,391.2,3.7,100,17.55162947
2109317,161,yuba creek,7.68253,27399822.65,210.4999595,9.668024301,16.94375517,0.827129859,19.63606286,2.043010753,17.77915633,30.0082713,12.76261373,1,21.7728,no,41.5,1.7,100,3.418940146
2109116,136,rock river,8.14897,26704122.99,217.6110971,4.211050679,4.577366399,0.401676563,28.33915473,1.835487251,4.219350332,5.754453371,54.87251135,2,51.6762,no,2.9,1.1,100,0.952976419
2109187,105,squaw creek,6.66721,25683368.9,171.236414,2.404279803,3.402151788,0.154240995,23.79483419,2.565204749,3.907859969,5.183508856,60.99219945,2,71.2215,no,2.6,1.1,81,0.269463575
2109203,99,portage creek,28.2571,25294937.92,714.7615903,9.710695794,15.45003977,1.574986233,18.74931163,1.929878235,2.267637521,4.86936303,55.15878358,3,73.6056,no,51.8,1.8,100,4.725141837
2109452,16,Silver Creek,54.5437,24352005.98,1328.248509,20.81274399,12.92059603,0.152425995,3.797828998,0.995754865,0.556995926,73.47075415,8.105644035,2,63.819,no,131.1,2.2,100,3.622465097
2109320,79,no name ,12.5151,24039351.16,300.8548837,5.649156794,7.353440087,0.11874067,25.22899986,2.205183878,0.627629258,34.96743113,29.49857511,3,53.2566,no,29.8,1.5,96,1.413830398
2109313,45,hibbard creek,11.0447,23340562.61,257.7895119,4.769746069,6.425046679,0.02667378,16.97619365,0.426780475,0.513470259,55.84822619,19.78360896,3,54.0468,no,15.6,1.7,90,0.940201825
2109125,145,Pointe aux Chennes River,8.22598,23186060.17,190.7280672,4.431712807,3.598983187,0.182847969,21.04758507,0.559693172,6.170004014,2.252151808,66.18873478,2,43.0371,no,9.7,0.9,100,0.611033271
2109229,155,Inwood Creek,8.77575,22914071.9,201.0881665,14.50287525,5.806968362,0.153517554,27.90014684,0.881057269,7.755973835,25.63743158,31.86490455,1,13.8654,no,22.1,1.7,52,0.71089186
2109486,2,sauk creek,82.2106,22791163.7,1873.675242,20.5392796,14.0999417,0.054348363,3.676913803,0.454549946,0.359687349,77.70531329,3.649245546,3,91.224,no,116.6,2.4,100,4.786552881
2109456,13,Point Creek,26.3952,21843062.46,576.5520022,10.22037868,6.405239198,0.159731651,4.523600351,0.372174746,0.420094242,80.25077869,7.86838112,2,56.412,no,23.6,1.6,100,1.281190172
2109224,95,deer creek,0.5,21638533.67,10.81926684,0.200263337,2.499042034,0.013328224,31.74949603,2.690635256,1.376139147,0.043316729,61.62804258,3,54.0252,no,6.6,0.7,59,0.113763577
2109148,115,hog island creek,6.95251,20386074.2,141.7343847,3.263618554,4.317850448,0.054155384,35.42803583,4.030410331,4.265777963,0.110393668,51.79337638,3,43.4286,no,2,1.2,100,0.505222365
2109154,147,French Farm Creek,12.948,20229088.14,261.9262332,8.413435519,7.78322926,0.700904804,16.52542373,0.563909774,2.33210144,0.165668408,71.92876258,2,31.1319,yes,8.5,1.3,92,1.10346622
2109481,199,Duck Creek,12.3472,19874014.91,245.3884369,4.345634802,13.9583604,0.360530077,56.62595817,1.926075094,14.66480447,2.588670911,9.875600883,3,56.4678,no,68.7,2.1,100,2.288196105
2109387,32,stony creek,12.8977,19139965.96,246.861539,3.98614464,4.572342126,0.001453383,7.945643485,0.876389797,0.180219461,63.63781702,22.78613473,2,61.9299,no,15.1,1.3,94,0.735013297
2109326,167,Cedar Creek,8.62295,19100345.55,164.7013247,9.65248546,13.93387314,0.275528565,42.53823662,2.732793522,11.67903734,21.16509222,7.675438596,2,17.0631,yes,84.7,2.7,100,3.516060974
2109324,77,thomas slough,16.0998,18268945.25,294.1263647,7.076656459,5.454703002,0.012997704,9.988735323,1.119968806,0.814522768,43.13937871,39.46969369,3,41.5629,no,25.9,1.3,85,0.457136052
2109309,46,heins creek,8.57939,18100677.54,155.2927719,3.791919926,7.205234742,0.136839748,20.28711467,0.626974846,0.584678924,56.81337546,14.3457816,2,40.9536,yes,16.8,2,91,0.887790084
2109345,42,lily bay creek,11.2857,17608713.78,198.7266611,4.385188593,5.805016583,0.083411118,14.66248287,0.855956944,0.041705559,70.18846941,8.36295752,2,45.3177,no,19,1.6,88,0.761166167
2109137,129,Marblehead Creek,13.7547,17286226.16,237.766855,7.587173877,5.750157313,0.155814581,27.26455518,0.563329638,1.77988194,9.732418422,54.75384293,3,31.338,no,1.3,1,80,1.128144744
2109284,47,reiboldt creek,9.39008,16761853.56,157.3951459,4.317364787,5.674989314,0.007543185,8.626888939,0.41487516,1.903396948,33.82866913,49.54363732,2,36.4563,yes,15,1.7,95,0.820105167
2109183,117,garden creek,5.36437,16698058.41,89.57456359,2.661869293,4.648049479,0.238292859,22.69404803,1.081688934,7.842244772,16.70727463,46.7884013,2,33.651,no,2,1.2,98,0.90109655
2109248,173,Northport Creek,14.6114,15213586.49,222.2917976,18.91201273,10.74272588,1.539050536,32.36600306,2.679938744,11.7151608,30.34456355,10.61255743,2,11.754,yes,18.5,2.9,100,2.17856049
2109307,82,little river,18.7654,14857939.56,278.815179,8.268246059,10.35259418,0.466550476,26.50489342,1.362112884,7.017026411,14.22174554,40.07507709,2,33.7212,no,78.1,2,100,2.779838796
2109522,213,Deerlick Creek,29.3855,14543880.43,427.3791984,21.9926721,21.97359277,0.032429928,28.20013899,0.333564976,6.986333102,26.44892286,16.02501737,2,19.4328,no,81.3,2.4,100,4.638847721
2109191,150,no name,2.17107,14456176.8,31.38537177,2.361524703,4.164691542,0.182840116,61.393648,1.598158055,16.40143563,11.98618541,4.273041241,2,13.2903,no,14.1,1.8,75,0.449989842
2109472,6,Black River,65.4553,14378730.36,941.1641093,19.80414172,27.69814183,0.034129693,5.58589306,0.176336746,0.424725066,50.45506257,15.62571104,2,47.5236,yes,250.8,3.5,100,10.08213393
2109145,124,thompson creek,79.0171,14223620.29,1123.909227,40.91301739,8.84824518,0.065908716,48.6472236,15.57752513,10.30482781,0.810677212,15.74559235,2,27.4707,yes,3.9,2.2,100,1.248566655
2109290,159,Golden Brook,9.38337,14147647.79,132.7526138,14.5941332,8.926979094,0.475577133,21.49014168,0.406222134,6.400475577,38.55147132,23.74913306,2,9.0963,no,45.9,2.2,67,1.641337687
2109500,235,Oak Creek,225.599,14091845.61,3179.106278,45.74148333,69.71935965,0.235919373,12.09151598,1.042193272,3.111024694,10.25471515,3.545271891,2,69.5016,yes,709.6,5.8,100,30.61243914
2109292,168,Leo Creek,10.4418,13951178.25,145.6754131,12.88193952,12.75306871,0.526064084,23.21058505,1.697752272,15.73409852,28.20022318,17.87820819,1,11.3085,yes,38.4,3,100,2.630481496
2109162,121,bursaw creek,1.60377,13835103.75,22.18832434,0.85910352,2.379952401,0.64748705,23.82402352,4.164916702,6.471370573,0,62.51224976,2,25.8273,no,2.1,0.8,52,0.153988222
2109448,18,Little Manitowac River,37.5582,13585959.94,510.2642006,14.14077475,30.561601,1.278298937,3.727329581,0.205128205,1.265791119,58.34396498,4.617886179,2,36.0846,no,246.8,3.5,100,10.98605776
2109548,221,no name,115.238,12882154.83,1484.513758,45.15109305,41.76175514,0.465795711,16.96709112,3.359792735,5.636403726,6.173860316,25.63530125,2,32.8788,no,406,5.2,100,18.3406055
2109274,49,fish creek,10.1038,12527119.01,126.5715051,4.340318672,8.360595025,0.092586877,43.82136905,0.595642244,0.015431146,23.1220295,23.99234615,2,29.1618,yes,20.5,1.9,99,1.577649528
2109341,43,shivering sands creek,14.3564,12505792.69,179.5381622,5.719069031,4.579601271,0.005778677,5.457960127,1.066165848,0.054897428,68.65067899,20.18491765,2,31.3929,no,15.4,1.4,89,0.739313666
2109386,69,tibbet creek,16.2313,12499292.7,202.8797696,5.804309453,7.264879952,0.067195617,29.50921355,0.612513891,0.294626935,44.18628693,18.06528313,2,34.9533,no,28.1,1.7,92,1.389937431
2109371,56,sugar creek,27.0566,12429190.28,336.2916297,8.931906257,7.05859833,0.066996866,4.62756921,0.36848276,0.291914914,84.93766899,2.648768933,2,37.6506,yes,14.6,2,100,1.549481283
2109551,222,Dunes Creek,25.4474,12417387.96,315.9902384,19.27004747,23.97003745,0.24785195,35.45384446,3.679224499,4.549460234,1.239259749,30.86032166,2,16.398,yes,182.1,3.8,100,6.853512623
2109544,219,White Ditch,91.8834,11871460.54,1090.790157,44.01311195,26.84786574,0.069317767,33.54615104,0.149580445,7.406056184,9.868661073,22.11236775,2,24.7833,no,141,4.6,100,7.830555253
2109392,59,red river,14.857,11861473.18,176.225907,4.436135014,4.28710694,0.387675984,17.32299531,0.725475527,0.299258655,58.81112698,18.16636061,2,39.7251,no,20.8,1.2,79,0.72251297
2109442,188,Cooper Creek,1.82638,11839174.33,21.62283121,1.172083521,4.116411934,0.175789833,56.40412129,1.460032228,8.042384882,0.112310171,29.68894966,2,18.4482,no,13.2,1.4,71,0.267001659
2109554,224,Calumet River,38.0038,11798192.12,448.3761337,15.72041602,89.28780678,0.559859384,0.683549248,0.022784975,2.68211705,1.692598138,5.071284422,2,28.5219,no,819.5,5.7,100,60.74803572
2109238,157,antrim creek,10.103,11703622.64,118.2416995,16.70434407,7.251178794,0.573467567,35.88632598,1.847839939,12.52708041,25.32177902,16.59232828,2,7.0785,no,16.2,1.6,52,0.557914812
2109114,141,davenport creek,0.677,11568391.85,7.831801282,0.356624787,1.838976427,0.016456165,38.87357551,6.710001234,5.368823796,0,47.19216687,1,21.9609,no,1.5,0.6,71,0.169050449
2109444,21,molash creek,20.5986,11498680.81,236.8567265,6.503426016,6.118660429,0.004950373,2.019751986,0.690576966,0.185638969,52.31306156,38.66735972,2,36.4203,no,51.5,1.2,95,1.246027627
2109458,12,Fischer Creek,48.7543,11346934.07,553.2118277,18.58217626,5.453114119,0.27553214,6.098040997,0.393617343,0.387561692,82.41438823,4.977745481,2,29.7711,no,22.1,1.4,100,1.503824178
2109531,225,Waukegan River,260.374,11339817.3,2952.59359,104.2803415,90.35654082,0,5.648675297,0.066791769,1.173626793,0.047708406,2.706656913,2,28.314,no,2190.8,10,100,39.57727273
2109167,116,velentine creek,4.19298,11297259.66,47.36918381,2.045010159,2.813617286,0.007772423,32.39934712,2.592103218,4.267060469,5.673869112,52.24623037,1,23.1633,no,2,0.9,63,0.273808136
2109455,14,Pine Creek,52.5996,11094840.88,583.5841924,20.67424054,8.499408208,0.188733566,3.582738876,0.687757909,0.594990563,79.75432648,6.6920444,2,28.2276,no,26.4,1.9,100,2.179919653
2109136,131,Gulliver Lake Outlet,5.99475,11052102.59,66.254592,3.423373016,8.346672765,0.245826664,22.89046421,0.234392865,2.463983535,8.575348731,57.24331123,2,19.3536,yes,1.3,1.4,100,2.063848586
2109243,158,guyer creek,12.4691,10878417.91,135.6440808,20.81707808,15.20718232,0.055248619,31.25690608,1.58839779,11.62983425,25.4558011,14.80662983,1,6.516,no,15.9,3.3,98,1.658287293
2109266,48,three springs,9.26843,10863282.01,100.6855689,4.282706313,5.922211163,0.581885001,9.70063548,0.47852385,0.057422862,62.20044407,21.05887757,2,23.5098,no,11.8,2.1,99,0.873133757
2109361,54,keyes creek,7.6569,10683240.5,81.80050418,2.585024149,4.143662132,0.059764358,17.22067278,0.566338437,0.167909386,53.95583129,23.88582162,2,31.644,no,14.9,1.3,97,0.50745165
2109134,146,Moran river,14.113,10437815.5,147.3088902,7.539570897,10.13667426,0.947401118,35.63367157,0.559121971,2.826672189,0.641954856,49.25450404,2,19.5381,no,9.7,1.6,100,2.442811737
2109257,89,beattie creek,3.3303,10269726.76,34.20127103,1.505841348,5.266286258,0.075289269,30.63877001,0.836107149,2.555872563,10.23934062,50.38833413,2,22.7124,no,7.9,1.4,83,0.493976858
2109161,104,black george,9.72398,10193221.08,99.11867792,3.894612927,11.74231645,0.181417188,31.58437678,6.114826409,21.41078543,8.348747866,20.61752988,2,25.4502,no,2.7,2.7,84,1.392637386
2109201,106,wilsey bay creek,11.7354,9910869.972,116.3080235,4.643757849,3.828187724,0.029194949,7.984818626,0.609444566,4.685789358,4.714984308,78.14758047,2,25.0461,no,2.7,1.3,44,0.249847282
2109407,62,no name,131.083,9839339.888,1289.770191,44.40898635,8.19179271,1.205678155,8.480039673,0.31614183,0.046491446,75.43392016,6.325936028,2,29.043,no,51,1.7,100,2.282677409
2109462,11,sevenmile creek,50.155,9611723.75,482.0760047,17.21484831,11.07430042,0.022515278,4.509488582,0.070762303,0.63042779,78.41749759,5.275008041,2,28.0035,no,20.8,1.7,100,2.812855536
2109494,204,little pigeon creek,22.7785,9156101.107,208.5622491,8.158276089,14.44377885,0.458085204,44.19465097,1.701962719,10.62052926,11.76574227,16.81525071,2,25.5645,no,78.4,2.7,100,3.955852843
2109178,119,parent creek,1.25034,9075781.859,11.34781309,0.661629911,3.006096279,0.336346437,38.84275804,8.172167332,5.586504099,0,44.05612781,2,17.1513,no,2.1,1.4,47,0.205121478
2109327,76,no name,22.3805,9059422.537,202.7544061,9.730592322,6.688311688,0,14.16883117,0.593073593,1.12987013,50.69264069,26.72727273,2,20.8368,no,26.3,1.6,76,0.59904112
2109344,50,larson creek,27.6664,8978819.572,248.4116138,9.857955792,6.435130596,0.053596313,9.1506771,0.450209026,0.400185801,62.10383392,21.40636724,2,25.1991,no,18.7,1.6,99,1.763098682
2109434,186,Magoon Creek,8.13773,8853527.123,72.04761327,5.473702813,5.858599685,0.225857231,63.43166108,3.558962426,10.49893916,10.99856273,5.427417699,2,13.1625,no,34.8,1.9,100,0.960820513
2109350,40,big creek,60.1494,8717591.331,524.357888,21.95417422,9.465671867,0.056522722,8.165649258,0.998568091,0.48609541,71.27515261,9.552340041,2,23.8842,no,55.5,1.7,96,1.485379456
2109335,75,no name,12.2899,8290233.544,101.8861412,5.155372448,9.960232207,0.118846277,9.722539654,0.868492024,0.950770215,57.06449696,21.31462266,1,19.7631,no,29.4,2.2,93,1.952730088
2109512,209,Plummerville,22.2518,8125218.393,180.8007346,14.80395764,10.18286388,0.420291992,28.1448164,0.49402743,7.72010028,44.61731308,8.420586934,2,12.213,no,29.8,2.6,90,2.129771555
2109193,107,granskrog creek,1.89967,7888048.539,14.98468917,0.790431762,2.326156892,0.10888394,12.20984905,1.529324425,3.217025489,1.742143034,78.86661717,2,18.9576,no,2.7,0.8,39,0.196638815
2109245,90,johnson creek,1.90367,7633446.916,14.53156389,0.845084377,2.444258348,0.047105621,8.49994766,0.0994452,0.989218047,11.4676018,76.45242332,2,17.1954,no,7.9,0.6,67,0.202292474
2109206,97,sunny brook,4.18204,7615015.245,31.84629836,1.419479138,3.937387116,0.004013646,26.20509733,2.319887618,2.628938391,3.724663857,61.18001204,2,22.4352,no,13.3,1.5,63,0.447729461
2109490,202,Little Black Creek,93.0594,7565273.096,704.0197751,25.98213687,43.66493229,0.292891355,32.08710933,0.196409497,4.899900072,4.968815685,13.88994177,2,27.0963,yes,233.1,3.6,100,13.65901618
2109184,108,martin creek,12.6764,7402489.032,93.83691197,5.29120708,3.456852792,0.61928934,29.8680203,3.538071066,7.335025381,1.015228426,54.16751269,2,17.7345,no,2.2,1,40,0.469068764
2109172,110,little river,26.1459,7340540.665,191.9250422,10.94768966,3.990755008,0.041088855,27.03133025,2.886492039,9.090909091,4.411915768,52.54750899,2,17.5311,no,2.1,1.4,37,0.263155193
2109483,3,sucker creek,103.275,7307755.268,754.7084253,26.29307111,15.25897541,0.018845997,2.336903603,0.248138958,0.23557496,78.95216258,2.949398499,1,28.7037,no,57.4,2.9,100,4.58329414
2109453,15,Calvin Creek ,40.4263,7293370.206,294.843972,15.76992458,8.99868312,0.102424036,3.570209238,1.760717944,1.555869873,69.83856021,14.17353558,2,18.6966,no,82.8,2.2,100,2.012997016
2109180,118,birch creek,1.60953,7239147.064,11.65162437,0.84915711,5.253837072,1.515151515,33.33989243,6.080283353,6.132756133,0,47.6780795,2,13.7214,yes,2.1,1.6,52,0.512593467
2109269,171,Weaver Creek,4.69899,7140052.463,33.55103512,6.166902881,5.128205128,0.016542597,40.23159636,1.885856079,7.841191067,34.07775021,10.81885856,1,5.4405,no,18.5,1.6,41,0.67311828
2109460,10,centerville creek,75.1625,7115451.769,534.8151436,27.94446501,16.08668965,0.165258039,6.336465367,0.198309646,0.64686718,71.46701922,5.099390906,2,19.1385,yes,21.7,2.9,100,4.758100165
2109338,164,no name,18.1022,7057076.723,127.7486143,19.29883137,20.16315432,0,54.1264446,2.52889191,10.61862678,1.930659415,10.63222298,1,6.6195,no,112,3.3,100,5.161930659
2109348,51,May Creek,20.4576,7043262.581,144.0882486,7.182183571,3.954345286,2.52089512,12.28093826,0.516761032,0.076390761,56.16518379,24.48548576,1,20.0619,no,17.5,1.1,81,0.763850882
2109346,179,Otter Creek,5.34559,7043018.934,37.64909158,4.873858089,5.167958656,0.147655962,66.61744801,0.725975145,7.715023994,0.799803125,18.82613511,1,7.7247,no,13.3,1.4,54,0.391238495
2109234,93,releau creek,4.37383,6987940.013,30.56406167,1.869533087,3.644371043,0,29.09991742,4.08477842,1.42031379,0.357830994,61.39278833,2,16.3485,no,7.9,0.8,53,0.204954583
2109143,125,southtown creek,17.3512,6893483.111,119.6102042,8.960975446,4.873926857,0.358277564,14.51362131,0.73683499,3.298857568,0.128439127,76.09004259,1,13.3479,no,97,0.9,100,1.458836221
2109477,4,Barr Creek,140.831,6753673.975,951.1266596,38.46852794,20.79471649,0.153251113,2.295117857,0.105816245,1.087353134,68.73312413,6.830621032,2,24.7248,no,60.3,3,100,6.706100757
2109273,86,Turtle Creek,50.179,6719229.543,337.1642192,23.44495339,14.51501662,0.250799423,19.88839426,0.175559596,5.749576776,10.75302527,48.66762806,2,14.3811,no,48,2.3,100,3.7039239
2109513,210,Glenn Creek,47.485,6606363.137,313.7031536,32.43918655,13.73662168,0.390879479,29.16705444,0.418799442,4.839460214,41.72173104,9.725453699,2,9.6705,no,29.8,3.4,97,3.128152629
2109270,88,springer creek,4.59449,6406808.002,29.4360153,2.124776435,6.260564296,0.039006631,25.87439865,0.214536471,2.743466389,10.26524509,54.60278247,2,13.8537,no,16.8,1.5,72,0.705840317
2109139,128,Snyder Creek,3.31903,6191978.746,20.55136322,1.823723985,9.304368661,0.047919495,15.21443974,0.495168118,3.745707212,9.000878524,62.19151825,1,11.2689,no,1.3,1.5,100,2.919016053
2109524,214,no name,47.5039,5980903.4,284.116237,36.06588687,20.58722724,0.262767051,41.34582429,0.479835485,9.996572604,11.43607906,15.89169428,2,7.8777,no,77.6,3.5,86,3.280818005
2109153,123,snyder creek,1.83599,5980000.719,10.97922152,0.968415894,3.643724696,2.143367468,33.01579741,9.962689529,10.5025006,0.127014369,40.60490593,2,11.3373,no,2.1,1.1,81,0.553465111
2109382,57,renard creek,56.0614,5543973.756,310.8029303,17.45887711,7.437180848,0.733100763,19.54092725,1.193184691,0.313463775,62.44501744,8.337125234,1,17.802,yes,15.1,2.2,89,1.708139535
2109173,109,big river,7.22023,5527494.069,39.9097785,3.028975296,2.405357387,0.225502255,19.05152385,0.813174798,4.701380347,0.90200902,71.90105234,2,13.176,no,2,1.3,75,0.252322404
2109362,53,Molvitz Creek,8.31681,5333454.903,44.35733107,2.80368186,3.722042001,0.005691196,13.25479483,0.591884355,0.028455979,51.23783507,31.15929657,1,15.8211,no,15.4,1.1,88,0.468172251
2109526,226,Bull Creek,70.3931,5212863.441,366.9496175,20.69653793,73.12576189,0.177773263,12.60666396,0.152377082,2.427874848,1.21901666,10.2905323,2,17.73,no,824.6,6.9,100,22.10903553
2109427,25,no name,32.7708,5088634.535,166.7586246,7.356175984,5.820231856,0.067492457,3.390503414,0.349372717,0,86.25932984,4.113069716,2,22.6692,yes,22.3,1.4,100,1.340836906
2109131,134,hudson creek,1.33353,5073786.306,6.766046253,0.863027112,0.938856942,0,35.14845675,0.891914095,0.539842741,0,62.48092947,1,7.8399,no,3,0.5,32,0.078291815
2109240,91,no name,3.10894,4971812.194,15.4570658,1.362516268,3.92701309,0,19.84926616,0.388734629,0.69813566,6.021420071,69.11543038,2,11.3445,no,7.9,0.9,69,0.469337564
2109333,163,no name,11.523,4968610.881,57.25330318,12.59199947,22.12319271,0.138641315,62.30936819,3.248167954,6.060606061,4.020598138,2.099425629,1,4.5468,no,87,4.7,91,5.435273159
2109279,169,no name,6.88416,4714433.711,32.45491598,8.656029225,6.697071531,0.264042247,25.34805569,3.192510802,7.41718675,56.02496399,1.056168987,1,3.7494,no,38.4,1.7,69,1.527844455
2109256,174,Roaring Brook ,9.73314,4709870.592,45.84182985,11.8537041,7.260879684,0,63.13707238,1.69885967,12.70653945,15.05701652,0.139632302,1,3.8673,no,18.5,2.2,67,0.862927624
2109113,140,hog island creek,1.7672,4585385.74,8.10329368,0.274326183,3.007014334,0,42.24153705,3.315035072,8.850259225,0.21957914,42.36657518,2,29.5389,no,1.5,0.9,61,0.259742238
2109235,156,no name,3.49446,4575852.099,15.99013213,5.694491498,6.893235011,0,30.49054184,2.789355563,8.881051619,33.72875922,17.21705675,1,2.808,no,20.3,1.9,46,0.959935897
2109391,31,silver creek,24.0588,4565174.72,109.8326256,7.07990083,4.948656959,0.011602947,2.610663108,1.537390497,0.150838313,65.2259674,25.51488078,1,15.5133,no,12.9,1.4,83,0.788246215
2109237,92,fowler creek,14.0295,4473037.936,62.75448572,6.134718138,1.557276087,0.00879817,42.31039944,1.240541967,1.645257786,1.205349287,52.03237727,1,10.2294,no,7.9,0.2,59,0.098715467
2109536,217,Weko Creek,132.679,4146133.882,550.1048973,71.41344359,54.74938661,0.94637224,24.80429957,0.105152471,4.533239864,13.00385559,1.857693656,1,7.7031,no,94.1,5.1,100,15.97534759
2109366,72,no name (pecor point creek),13.409,4097631.378,54.94513915,5.222425544,4.511986301,0,51.37842466,3.535958904,1.267123288,5.077054795,34.22945205,1,10.521,no,32.4,1.1,68,0.464328486
2109394,67,no name,44.9451,4095108.181,184.0550467,15.67092777,14.99577476,0,45.64799877,1.006376277,1.313666743,20.01997388,17.01620957,2,11.745,no,94.9,3.8,100,3.245747126
2109379,34,bear creek,12.9673,4092068.931,53.06308545,4.238908896,5.708534043,0.007189589,3.810482421,1.495434611,0.086275074,79.5743763,9.317707959,1,12.5181,no,13.5,1.5,53,0.903947085
2109258,172,Shady trail creek,2.60592,3967302.195,10.33847214,3.425944307,8.678795109,0.417536534,25.35043245,1.491201909,2.892931703,57.62004175,3.549060543,1,3.0177,no,18.5,2.3,97,1.279152997
2109359,55,Twin Harbor Creek,13.3255,3929281.233,52.35963707,4.517578391,5.272557851,0,12.16803852,1.125951235,0.031060724,67.47942227,13.92296941,2,11.5902,no,15.5,1.4,56,0.542708495
2109523,227,Kellog Creek,95.5224,3878705.963,370.5033025,25.95324272,58.41186959,2.852776363,12.792919,0.706826286,5.973000509,10.22669384,9.035914417,2,14.2758,no,523.5,5.7,100,18.47289119
2109349,41,no name,12.409,3816096.854,47.35394586,4.757278065,6.745027125,0.13562387,2.974683544,0.235081374,0,58.83363472,31.07594937,2,9.954,no,160.3,1.5,97,1.328842676
2109351,73,no name,16.206,3809281.985,61.73322385,6.408714467,10.39924847,0.037576327,37.1723814,4.161578206,1.277595115,8.990136214,37.96148426,1,9.6327,no,32.5,1.5,80,1.113519574
2109301,83,no name,249.007,3799230.304,946.0349403,110.9158947,70.88487155,0,3.848186912,0,1.247489164,1.63865102,22.38080135,1,8.5293,no,304.9,8.1,100,30.02743484
2109404,29,threemile creek,20.9238,3766892.715,78.81770979,4.93938145,4.62585034,1.094104308,6.485260771,2.318594104,0.028344671,69.65419501,15.79365079,2,15.957,no,12.8,1.7,74,0.912690355
2109435,22,no name,28.999,3747513.007,108.6741297,8.118673636,4.995611962,0.020252481,1.464929454,0.850604199,0,85.16168231,7.506919598,1,13.3857,no,24.8,1.4,88,1.055873059
2109259,175,Gills Creek,6.96161,3542458.914,24.6612174,8.428592023,8.858812673,0.030759766,50.01537988,2.214703168,10.82743771,20.6705629,7.382343894,1,2.9259,no,18.5,2,54,1.295908951
2109492,1,no name,177.473,3485929.578,618.65838,44.89864141,68.92777559,0,15.55249705,1.350111417,3.598112466,0.294927251,10.27657622,1,13.779,no,430.7,7.1,100,17.86936643
2109374,70,no name,21.8253,3363833.479,73.41667483,8.172118127,4.981420106,0.090388671,28.05061766,4.690167721,1.717384754,43.3263031,17.14371799,1,8.9838,no,18,1.5,95,0.612101783
2109365,38,Strawberry Creek,16.4064,3300273.898,54.14561368,5.923185289,4.331987792,0,4.824259132,0.413507926,0,38.88943586,51.54080929,2,9.1413,no,55.3,1.5,100,0.575859013
2109510,208,Pier Cove creek,48.9921,3216606.523,157.5883084,32.25237069,9.562488462,0.203064427,31.88111501,1.329148975,3.525936865,46.15100609,7.34724017,1,4.8861,no,29.9,2.3,98,2.5734021
2109373,37,Claybanks Creek,19.9338,3154259.609,62.87638019,6.848607456,6.077835506,0.00980296,5.724928929,1.842956573,0.323497696,66.13077149,19.89020684,2,9.1809,no,13.5,2,48,0.934418194
2109415,28,mashek creek,17.6528,3074908.319,54.28074157,3.477795818,3.990312536,0.02306539,5.051320494,0.611232845,0,72.76554031,17.55852843,2,15.6078,yes,19.1,1.2,55,0.823607427
2109130,135,newton creek,1.47372,3071021.89,4.52582638,0.96335172,3.347689898,0.274079875,60.31714957,1.566170713,3.563038371,0.626468285,30.30540329,1,4.698,no,3,1.5,45,0.3151341
2109357,52,Kreuger Creek,15.6707,2949898.532,46.22697493,5.322622329,3.865284974,0,6.704663212,0.373056995,0.051813472,78.03108808,10.97409326,1,8.685,no,15.5,1.1,66,0.495129534
2109314,81,no name,0.47848,2948282.983,1.410694442,0.204306344,5.521472393,0,36.27463778,1.527215768,0.143584388,15.9770265,40.55606318,1,6.9048,no,22.2,1.5,94,0.495046924
2109133,132,Bulldog Creek,8.80896,2903688.816,25.57847863,0.461837106,4.053608096,0.275007334,30.27464066,1.287034321,3.074581989,1.52537401,59.50975359,2,55.3842,yes,1.3,0.8,88,0.895007963
2109518,230,barnes creek,36.1454,2838768.453,102.6084212,8.503084497,48.81730119,0.277840354,16.14477735,0.698355485,4.595629646,24.93804911,4.528046857,1,12.0672,no,480.6,4.8,100,13.48687351
2109414,63,no name,85.3075,2687712.969,229.2820741,30.5941948,32.88582487,0.03628447,7.740686986,0.205611998,0.737784228,45.17416546,13.21964199,1,7.4943,yes,326.9,4.4,100,10.41983908
2109272,87,bis creek,22.5504,2658500.194,59.95024277,10.45868753,10.57934509,0,15.28652393,0.125944584,3.794080605,15.28652393,54.92758186,1,5.7321,no,42.3,2,100,2.384989794
2109378,35,schuyler,20.957,2557411.423,53.59567119,6.894841469,5.29118907,0.023156188,4.133379646,0.856778974,0.254718073,81.76450156,7.676276485,1,7.7733,no,13.5,1.7,60,0.86117865
2109514,211,Sylvan Spring Creek,22.7784,2501111.798,56.97132498,15.63385335,17.37729301,0.272682201,42.63758057,0.396628656,3.941497273,25.33465543,10.03966287,1,3.6441,no,28.4,3,59,1.524573969
2109160,122,gierke creek,1.72577,2484509.585,4.287692107,0.920955411,4.370527944,0.038677238,54.65093792,8.489653839,7.600077354,0,24.8501257,1,4.6557,no,2.1,2,50,0.44229654
2109397,61,no name,70.7444,2403437.28,170.0297283,20.99132448,7.926625903,0,6.37020567,0.25569761,0.311284047,80.83379655,4.302390217,1,8.1,no,26.5,2.1,83,1.611555556
2109112,138,Matix Creek,5.40733,2351233.687,12.71389645,2.658365001,2.785095973,0.018818216,36.69552126,0.207000376,1.561911931,0,58.73165224,1,4.7826,no,1.8,0.9,60,0.359239744
2109352,39,no name,109.366,2304794.167,252.0661189,39.54164414,55.45043773,0,4.57497882,0,0.45184976,38.94380119,0.578932505,1,6.3747,no,208.3,5.8,100,21.04207257
2109479,197,Little flower Creek,15.4598,2302110.362,35.59016577,6.025389096,5.774798111,1.493219564,35.6849002,2.727411245,5.835745848,42.09964955,6.384275484,1,5.9067,no,32.6,2.1,77,1.223525827
2109521,228,no name,143.35,2192683.385,314.3211632,36.53198085,54.70711297,0,11.89330544,0.010460251,3.734309623,16.64225941,13.0125523,1,8.604,no,508.5,6.6,100,17.03922594
2109396,66,no name,14.3594,2143477.551,30.77905155,4.973668726,11.49072857,0.350416119,26.36881297,2.657322237,0.62782888,41.13009198,17.37479924,1,6.1884,no,128,2.4,90,2.838714369
2109383,58,fabry creek,25.8868,2051422.972,53.10477619,7.92017542,7.006711409,1.22147651,23.97315436,0.711409396,1.677852349,60.7114094,4.697986577,1,6.705,no,16,2,81,1.366308725
2109140,127,Orr creek,36.8734,2013658.196,74.25042412,19.63362,12.58924322,0.571156592,50.14278915,1.07091861,12.39885769,9.043312708,14.18372204,1,3.7818,yes,5,2.1,100,3.822465493
2109375,36,woodard creek,11.831,1944889.895,23.00999235,3.99042581,3.917590136,0.015607929,6.820664898,2.684563758,0.124863431,69.09630092,17.34040893,1,5.7663,no,13.5,1.3,49,0.521304823
2109120,143,no name,17.3209,1772096.729,30.69431023,9.217510581,8.783783784,0.108108108,60.10810811,0.135135135,10.54054054,0.459459459,19.86486486,1,3.33,no,3.9,2.3,94,1.668918919
2109176,120,no name,9.93525,1745626.209,17.34323279,5.425185433,5.771396396,0.028153153,43.2713964,3.434684685,6.672297297,0,40.82207207,1,3.1968,no,2.1,1.7,68,0.383164414
2109395,60,no name,35.7257,1715284.918,61.27975439,10.53514096,9.964412811,0,7.148383104,0.402289958,0.247563051,81.66486152,0.572489556,1,5.8167,no,22,2.3,96,3.114188457
2109446,19,no name,220.609,1626098.27,358.7319132,79.22699557,9.481216458,0,1.132975552,0.477042338,1.90816935,69.76744186,17.23315444,1,4.5279,no,263.6,1.9,95,2.978533095
2109135,130,no name,1.52318,1604702.047,2.444250064,0.859169062,0.956327702,0.318775901,21.07108703,0.28689831,6.853681862,0.22314313,70.29008607,1,2.8449,no,1.3,0.3,58,0.269851313
2109283,85,hay creek,40.7341,1577541.47,64.25973199,18.95902873,59.75512377,0,14.98536066,0,0.266169816,18.71173809,6.281607666,1,3.3894,no,115.3,3.3,95,10.24668083
2109430,23,no name,61.3308,1450942.158,88.9874433,15.96044181,5.940274415,0.0322841,0.920096852,0.629539952,0,91.23486683,1.242937853,1,5.5755,no,24.8,1.3,59,1.133494754
2109429,24,no name,34.0822,1367643.68,46.61230543,8.493186369,5.805182027,0.016398819,3.788127255,0,0,87.48770089,2.902591013,1,5.4882,no,22.7,1.3,52,1.092325353
2109321,78,no name,11.5203,1293615.498,14.90283862,5.172980187,1.905654483,0.031240237,35.70759138,1.21836926,0,12.96469853,48.17244611,1,2.8809,no,23.3,0.5,25,0.078412996
2109504,234,no name,265.092,1263006.428,334.8129,40.34862618,58.34056399,0.347071584,14.63123644,0.151843818,1.095444685,21.75704989,3.676789588,2,8.298,no,436.8,4.7,100,20.65184382
2109519,229,no name,67.3896,1196099.898,80.60469369,16.17788489,46.45953757,0.596098266,18.69580925,0.23482659,8.815028902,22.47109827,2.727601156,1,4.9824,no,236.3,4.4,100,10.36940029
2109419,26,no name,57.6356,1089057.086,62.76845859,10.46873788,10.4387292,0.015128593,1.573373676,0.832072617,0,83.40393343,3.736762481,1,5.9958,no,22.3,2.2,89,2.557340138
2109385,33,no name,19.5735,1000355.838,19.580465,6.112973368,7.361618432,0.02809778,1.882551278,1.348693453,0,76.42596235,12.95307671,1,3.2031,no,13.5,2.4,49,1.279853892
2109476,5,no name,180.45,912407.1073,164.6438625,50.49341016,18.43775876,0.027601435,2.677339222,0.690035882,1.159260282,63.64890974,13.35909467,1,3.2607,no,61.5,3.7,96,7.022909191
2109505,233,no name,170.837,826205.6468,141.1464941,28.10563403,82.97219213,5.290718671,2.491874323,0,3.882267967,1.570964247,3.791982665,1,5.022,no,761.8,7.2,100,28.25322581