hydroID_GLAHF,bottle_vial_ID,streamName,Flowlitersday,urban,barren,forest,shrubland,herbaceous,agriculture,wetland,Strahler order,Areakm2,damspresent,chloride,GLHDID,Duplicate,Flow_m3s,Flow_median_m3s,Population_Density_n_km2,Road_Density_kmroad_km2,MaxImperviousness,MeanImperviousness
2109492,1,no name,3485929.578,68.92777559,0,15.55249705,1.350111417,3.598112466,0.294927251,10.27657622,1,13.779,no,177.4731583,1190,1,0.040346407,0.12205122,430.7,7.1,100,17.86936643
2109486,2,sauk creek,22791163.7,14.0999417,0.054348363,3.676913803,0.454549946,0.359687349,77.70531329,3.649245546,3,91.224,no,82.21063838,1188,1,0.263786617,0.738692247,116.6,2.4,100,4.786552881
2109483,3,sucker creek,7307755.268,15.25897541,0.018845997,2.336903603,0.248138958,0.23557496,78.95216258,2.949398499,1,28.7037,no,103.2745601,1184,1,0.084580501,0.224307554,57.4,2.9,100,4.58329414
2109477,4,Barr Creek,6753673.975,20.79471649,0.153251113,2.295117857,0.105816245,1.087353134,68.73312413,6.830621032,2,24.7248,no,140.8310761,1182,1,0.078167523,0.187106391,60.3,3,100,6.706100757
2109476,5,no name,912407.1073,18.43775876,0.027601435,2.677339222,0.690035882,1.159260282,63.64890974,13.35909467,1,3.2607,no,180.4496128,1180,1,0.010560267,0.024700678,61.5,3.7,96,7.022909191
2109472,6,Black River,14378730.36,27.69814183,0.034129693,5.58589306,0.176336746,0.424725066,50.45506257,15.62571104,2,47.5236,yes,65.4552706,1178,1,0.16642049,0.352737361,250.8,3.5,100,10.08213393
2109472,6,Black River,14378730.36,27.69814183,0.034129693,5.58589306,0.176336746,0.424725066,50.45506257,15.62571104,2,47.5236,yes,62.14315524,1178,2,0.16642049,0.352737361,250.8,3.5,100,10.08213393
2109470,7,Sheboygan River,350564276.4,9.961867832,0.157891008,10.22547577,0.522062873,0.594204812,63.93039913,14.60809858,4,1126.8315,yes,44.06713461,1176,1,4.057456903,8.364094594,63.7,1.9,100,3.075449169
2109468,8,Pigeon River,65053740.03,11.57883038,0.143146102,10.96534708,0.469003534,0.568583432,70.66260641,5.612483051,3,203.3235,yes,71.35913174,1174,1,0.752936806,1.492021998,69.6,1.9,100,2.809512427
2109460,10,centerville creek,7115451.769,16.08668965,0.165258039,6.336465367,0.198309646,0.64686718,71.46701922,5.099390906,2,19.1385,yes,75.16251636,1164,1,0.082354766,0.143262246,21.7,2.9,100,4.758100165
2109462,11,sevenmile creek,9611723.75,11.07430042,0.022515278,4.509488582,0.070762303,0.63042779,78.41749759,5.275008041,2,28.0035,no,50.15496476,1166,1,0.111246803,0.20821694,20.8,1.7,100,2.812855536
2109458,12,Fischer Creek,11346934.07,5.453114119,0.27553214,6.098040997,0.393617343,0.387561692,82.41438823,4.977745481,2,29.7711,no,48.75425524,1162,1,0.131330255,0.227905792,22.1,1.4,100,1.503824178
2109456,13,Point Creek,21843062.46,6.405239198,0.159731651,4.523600351,0.372174746,0.420094242,80.25077869,7.86838112,2,56.412,no,26.39519506,1160,1,0.252813223,0.442681874,23.6,1.6,100,1.281190172
2109455,14,Pine Creek,11094840.88,8.499408208,0.188733566,3.582738876,0.687757909,0.594990563,79.75432648,6.6920444,2,28.2276,no,52.59960181,1158,1,0.12841251,0.222482825,26.4,1.9,100,2.179919653
2109453,15,Calvin Creek,7293370.206,8.99868312,0.102424036,3.570209238,1.760717944,1.555869873,69.83856021,14.17353558,2,18.6966,no,40.42628005,1156,1,0.084414007,0.144964373,82.8,2.2,100,2.012997016
2109453,15,Calvin Creek,7293370.206,8.99868312,0.102424036,3.570209238,1.760717944,1.555869873,69.83856021,14.17353558,2,18.6966,no,36.85148119,1156,2,0.084414007,0.144964373,82.8,2.2,100,2.012997016
2109452,16,Silver Creek,24352005.98,12.92059603,0.152425995,3.797828998,0.995754865,0.556995926,73.47075415,8.105644035,2,63.819,no,54.54365484,1154,1,0.281851921,0.493978947,131.1,2.2,100,3.622465097
2109449,17,Manitowac River,520590414.7,7.850644247,0.297446564,6.278795288,0.486261621,0.582786206,69.64629264,14.85777344,5,1368.0153,yes,23.92693621,1152,1,6.025352022,10.59463682,31.6,1.6,100,1.917962102
2109448,18,Little Manitowac River,13585959.94,30.561601,1.278298937,3.727329581,0.205128205,1.265791119,58.34396498,4.617886179,2,36.0846,no,37.55816886,1150,1,0.157244907,0.279933829,246.8,3.5,100,10.98605776
2109446,19,no name,1626098.27,9.481216458,0,1.132975552,0.477042338,1.90816935,69.76744186,17.23315444,1,4.5279,no,220.609025,1148,1,0.018820582,0.034875831,263.6,1.9,95,2.978533095
2109445,20,east twin,264380914,7.77417443,0.28704503,8.896217861,1.028157696,0.637024453,71.19037711,10.18700342,5,788.1003,yes,31.33984188,1146,1,3.059964282,6.03878913,36.8,1.8,100,1.811287853
2109444,21,molash creek,11498680.81,6.118660429,0.004950373,2.019751986,0.690576966,0.185638969,52.31306156,38.66735972,2,36.4203,no,20.59861649,1144,1,0.133086583,0.283100097,51.5,1.2,95,1.246027627
2109435,22,no name,3747513.007,4.995611962,0.020252481,1.464929454,0.850604199,0,85.16168231,7.506919598,1,13.3857,no,28.99900253,1142,1,0.043373993,0.092963545,24.8,1.4,88,1.055873059
2109430,23,no name,1450942.158,5.940274415,0.0322841,0.920096852,0.629539952,0,91.23486683,1.242937853,1,5.5755,no,61.33083166,1136,1,0.016793312,0.037561623,24.8,1.3,59,1.133494754
2109429,24,no name,1367643.68,5.805182027,0.016398819,3.788127255,0,0,87.48770089,2.902591013,1,5.4882,no,34.08215905,1134,1,0.015829209,0.03648543,22.7,1.3,52,1.092325353
2109427,25,no name,5088634.535,5.820231856,0.067492457,3.390503414,0.349372717,0,86.25932984,4.113069716,2,22.6692,yes,32.770783,1132,1,0.058896233,0.144239804,22.3,1.4,100,1.340836906
2109419,26,no name,1089057.086,10.4387292,0.015128593,1.573373676,0.832072617,0,83.40393343,3.736762481,1,5.9958,no,57.63556856,1128,1,0.012604827,0.031697384,22.3,2.2,89,2.557340138
2109417,27,kewaunee river,67290338.52,6.662635945,0.102637116,8.192928522,0.618504424,0.418593652,77.69166445,6.313035889,4,369.9585,yes,25.61571281,1126,1,0.778823363,1.921378263,23.7,1.7,100,1.550221984
2109415,28,mashek creek,3074908.319,3.990312536,0.02306539,5.051320494,0.611232845,0,72.76554031,17.55852843,2,15.6078,yes,17.65280871,1122,1,0.035589217,0.083562282,19.1,1.2,55,0.823607427
2109415,28,mashek creek,3074908.319,3.990312536,0.02306539,5.051320494,0.611232845,0,72.76554031,17.55852843,2,15.6078,yes,15.5111233,1122,2,0.035589217,0.083562282,19.1,1.2,55,0.823607427
2109404,29,threemile creek,3766892.715,4.62585034,1.094104308,6.485260771,2.318594104,0.028344671,69.65419501,15.79365079,2,15.957,no,20.9237626,1118,1,0.043598295,0.092186399,12.8,1.7,74,0.912690355
2109400,30,ahnapee river,80063885.97,6.350424224,0.13055335,6.919624934,0.531432429,0.09873283,71.53520628,14.43402595,4,303.3936,yes,22.57734527,1116,1,0.926665347,1.888481094,22.1,1.7,100,1.557130737
2109391,31,silver creek,4565174.72,4.948656959,0.011602947,2.610663108,1.537390497,0.150838313,65.2259674,25.51488078,1,15.5133,no,24.05876856,1114,1,0.05283767,0.104386491,12.9,1.4,83,0.788246215
2109387,32,stony creek,19139965.96,4.572342126,0.001453383,7.945643485,0.876389797,0.180219461,63.63781702,22.78613473,2,61.9299,no,12.89770224,1112,1,0.221527384,0.431445506,15.1,1.3,94,0.735013297
2109385,33,no name,1000355.838,7.361618432,0.02809778,1.882551278,1.348693453,0,76.42596235,12.95307671,1,3.2031,no,19.57347149,1110,1,0.011578193,0.022484192,13.5,2.4,49,1.279853892
2109385,33,no name,1000355.838,7.361618432,0.02809778,1.882551278,1.348693453,0,76.42596235,12.95307671,1,3.2031,no,24.1937302,1110,2,0.011578193,0.022484192,13.5,2.4,49,1.279853892
2109379,34,bear creek,4092068.931,5.708534043,0.007189589,3.810482421,1.495434611,0.086275074,79.5743763,9.317707959,1,12.5181,no,12.96732922,1108,1,0.047361909,0.090858618,13.5,1.5,53,0.903947085
2109378,35,schuyler,2557411.423,5.29118907,0.023156188,4.133379646,0.856778974,0.254718073,81.76450156,7.676276485,1,7.7733,no,20.95695109,1106,1,0.029599669,0.056700915,13.5,1.7,60,0.86117865
2109375,36,woodard creek,1944889.895,3.917590136,0.015607929,6.820664898,2.684563758,0.124863431,69.09630092,17.34040893,1,5.7663,no,11.83100644,1104,1,0.0225103,0.04290256,13.5,1.3,49,0.521304823
2109373,37,Claybanks Creek,3154259.609,6.0778355060000004,0.00980296,5.724928929,1.842956573,0.323497696,66.13077149,19.89020684,2,9.1809,no,19.93381842,1102,1,0.036507634,0.06939521,13.5,2,48,0.934418194
2109373,37,Claybanks Creek,3154259.609,6.0778355060000004,0.00980296,5.724928929,1.842956573,0.323497696,66.13077149,19.89020684,2,9.1809,no,17.57708026,1102,2,0.036507634,0.06939521,13.5,2,48,0.934418194
2109365,38,Strawberry Creek,3300273.898,4.331987792,0,4.824259132,0.413507926,0,38.88943586,51.54080929,2,9.1413,no,16.40640544,1074,1,0.038197615,0.071630035,55.3,1.5,100,0.575859013
2109352,39,no name,2304794.167,55.45043773,0,4.57497882,0,0.45184976,38.94380119,0.578932505,1,6.3747,no,109.3662204,1079,1,0.026675858,0.049853464,208.3,5.8,100,21.04207257
2109350,40,big creek,8717591.331,9.465671867,0.056522722,8.165649258,0.998568091,0.48609541,71.27515261,9.552340041,2,23.8842,no,60.14938118,1077,1,0.100898048,0.187533762,55.5,1.7,96,1.485379456
2109349,41,no name,3816096.854,6.745027125,0.13562387,2.974683544,0.235081374,0,58.83363472,31.07594937,2,9.954,no,12.40897767,1099,1,0.044167788,0.080083296,160.3,1.5,97,1.328842676
2109345,42,lily bay creek,17608713.78,5.805016583,0.083411118,14.66248287,0.855956944,0.041705559,70.18846941,8.36295752,2,45.3177,no,11.28568381,1097,1,0.203804558,0.365421617,19,1.6,88,0.761166167
2109345,42,lily bay creek,17608713.78,5.805016583,0.083411118,14.66248287,0.855956944,0.041705559,70.18846941,8.36295752,2,45.3177,no,12.71516676,1097,2,0.203804558,0.365421617,19,1.6,88,0.761166167
2109341,43,shivering sands creek,12505792.69,4.579601271,0.005778677,5.457960127,1.066165848,0.054897428,68.65067899,20.18491765,2,31.3929,no,14.35642101,1095,1,0.144742971,0.254695946,15.4,1.4,89,0.739313666
2109325,44,whitefish bay creek,27971649.21,5.796077545,0.01554287,18.23461256,0.666930424,0.440852314,53.40812751,21.43785678,3,67.6458,yes,12.93672255,1091,1,0.32374594,0.553768938,15.2,1.5,78,0.712461084
2109313,45,hibbard creek,23340562.61,6.425046679,0.02667378,16.97619365,0.426780475,0.513470259,55.84822619,19.78360896,3,54.0468,no,11.04465879,1089,1,0.270145401,0.44861292,15.6,1.7,90,0.940201825
2109309,46,heins creek,18100677.54,7.205234742,0.136839748,20.28711467,0.626974846,0.584678924,56.81337546,14.3457816,2,40.9536,yes,8.579387116,1087,1,0.209498583,0.342592094,16.8,2,91,0.887790084
2109284,47,reiboldt creek,16761853.56,5.674989314,0.007543185,8.626888939,0.41487516,1.903396948,33.82866913,49.54363732,2,36.4563,yes,9.390077266,1085,1,0.194002935,0.313988366,15,1.7,95,0.820105167
2109266,48,three springs,10863282.01,5.922211163,0.581885001,9.70063548,0.47852385,0.057422862,62.20044407,21.05887757,2,23.5098,no,9.268431403,1084,1,0.125732431,0.20375225,11.8,2.1,99,0.873133757
2109274,49,fish creek,12527119.01,8.360595025,0.092586877,43.82136905,0.595642244,0.015431146,23.1220295,23.99234615,2,29.1618,yes,10.10384069,1082,1,0.144989803,0.238532261,20.5,1.9,99,1.577649528
2109344,50,larson creek,8978819.572,6.435130596,0.053596313,9.1506771,0.450209026,0.400185801,62.10383392,21.40636724,2,25.1991,no,27.66639144,1068,1,0.103921523,0.189171428,18.7,1.6,99,1.763098682
2109348,51,May Creek,7043262.581,3.954345286,2.52089512,12.28093826,0.516761032,0.076390761,56.16518379,24.48548576,1,20.0619,no,20.45764274,1066,1,0.081519243,0.149855364,17.5,1.1,81,0.763850882
2109357,52,Kreuger Creek,2949898.532,3.865284974,0,6.704663212,0.373056995,0.051813472,78.03108808,10.97409326,1,8.685,no,15.6706613,1064,1,0.034142344,0.06420647,15.5,1.1,66,0.495129534
2109362,53,Molvitz Creek,5333454.903,3.722042001,0.005691196,13.25479483,0.591884355,0.028455979,51.23783507,31.15929657,1,15.8211,no,8.316814752,1062,1,0.061729802,0.116817646,15.4,1.1,88,0.468172251
2109361,54,keyes creek,10683240.5,4.143662132,0.059764358,17.22067278,0.566338437,0.167909386,53.95583129,23.88582162,2,31.644,no,7.656895883,1061,1,0.123648617,0.2330739,14.9,1.3,97,0.50745165
2109361,54,keyes creek,10683240.5,4.143662132,0.059764358,17.22067278,0.566338437,0.167909386,53.95583129,23.88582162,2,31.644,no,5.349027432,1061,2,0.123648617,0.2330739,14.9,1.3,97,0.50745165
2109359,55,Twin Harbor Creek,3929281.233,5.272557851,0,12.16803852,1.125951235,0.031060724,67.47942227,13.92296941,2,11.5902,no,13.32545836,1059,1,0.045477792,0.085325597,15.5,1.4,56,0.542708495
2109371,56,sugar creek,12429190.28,7.05859833,0.066996866,4.62756921,0.36848276,0.291914914,84.93766899,2.648768933,2,37.6506,yes,27.05661374,1057,1,0.143856369,0.275943885,14.6,2,100,1.549481283
2109382,57,renard creek,5543973.756,7.437180848,0.733100763,19.54092725,1.193184691,0.313463775,62.44501744,8.337125234,1,17.802,yes,56.06144691,1053,1,0.064166363,0.131174672,15.1,2.2,89,1.708139535
2109383,58,fabry creek,2051422.972,7.006711409,1.22147651,23.97315436,0.711409396,1.677852349,60.7114094,4.697986577,1,6.705,no,25.8868024,1051,1,0.023743321,0.048810258,16,2,81,1.366308725
2109392,59,red river,11861473.18,4.28710694,0.387675984,17.32299531,0.725475527,0.299258655,58.81112698,18.16636061,2,39.7251,no,14.85697184,1049,1,0.137285569,0.29536776,20.8,1.2,79,0.72251297
2109395,60,no name,1715284.918,9.964412811,0,7.148383104,0.402289958,0.247563051,81.66486152,0.572489556,1,5.8167,no,35.72567719,1047,1,0.019852835,0.044324203,22,2.3,96,3.114188457
2109397,61,no name,2403437.28,7.926625903,0,6.37020567,0.25569761,0.311284047,80.83379655,4.302390217,1,8.1,no,70.74436829,1045,1,0.027817561,0.064262444,26.5,2.1,83,1.6115555559999999
2109407,62,no name,9839339.888,8.19179271,1.205678155,8.480039673,0.31614183,0.046491446,75.43392016,6.325936028,2,29.043,no,131.0825482,1039,1,0.113881249,0.239184262,51,1.7,100,2.282677409
2109414,63,no name,2687712.969,32.88582487,0.03628447,7.740686986,0.205611998,0.737784228,45.17416546,13.21964199,1,7.4943,yes,85.30754438,1035,1,0.031107789,0.061758053,326.9,4.4,100,10.41983908
2109413,64,fox river,6419485057,9.000175378,0.118548142,26.27638864,0.44955093,0.636179976,44.25628538,19.26287155,6,16468.8534,yes,23.15434245,1033,1,74.29959557,141.9963848,47.8,1.6,100,2.181627016
2109402,65,suamico river,60396674.68,10.25583149,0.092852416,15.91880287,0.339603864,0.267271319,66.3746005,6.751037536,3,175.9743,no,43.65574475,1028,1,0.699035587,1.40911554,63.9,2,100,2.020007467
2109396,66,no name,2143477.551,11.49072857,0.350416119,26.36881297,2.657322237,0.62782888,41.13009198,17.37479924,1,6.1884,no,14.35940053,1024,1,0.024808768,0.050447613,128,2.4,90,2.838714369
2109394,67,no name,4095108.181,14.99577476,0,45.64799877,1.006376277,1.313666743,20.01997388,17.01620957,2,11.745,no,44.94507352,1022,1,0.047397085,0.096578303,94.9,3.8,100,3.245747126
2109388,68,little suamico river,56260001.28,10.55774507,0.375290165,17.89472483,0.587460289,0.519018314,61.33199491,8.733766419,3,158.0949,no,68.92549149,1018,1,0.651157422,1.297119415,28.5,2,100,2.42138551
2109386,69,tibbet creek,12499292.7,7.264879952,0.067195617,29.50921355,0.612513891,0.294626935,44.18628693,18.06528313,2,34.9533,no,16.23129938,1016,1,0.14466774,0.285473034,28.1,1.7,92,1.389937431
2109374,70,no name,3363833.479,4.981420106,0.090388671,28.05061766,4.690167721,1.717384754,43.3263031,17.14371799,1,8.9838,no,21.8253287,1010,1,0.038933258,0.070235905,18,1.5,95,0.612101783
2109368,71,pensaukee,138384548.1,6.334529222,0.43232766500000003,19.7434655,0.42956599,1.006253939,56.39315205,15.66070563,4,359.6715,no,31.59666262,1006,1,1.60167301,2.813705479,21.3,1.5,97,0.837992168
2109366,72,no name (pecor point creek),4097631.378,4.511986301,0,51.37842466,3.535958904,1.267123288,5.077054795,34.22945205,1,10.521,no,13.40902555,1004,1,0.047426289,0.08327613,32.4,1.1,68,0.464328486
2109366,72,no name (pecor point creek),4097631.378,4.511986301,0,51.37842466,3.535958904,1.267123288,5.077054795,34.22945205,1,10.521,no,14.34347506,1004,2,0.047426289,0.08327613,32.4,1.1,68,0.464328486
2109351,73,no name,3809281.985,10.39924847,0.037576327,37.1723814,4.161578206,1.277595115,8.990136214,37.96148426,1,9.6327,no,16.20603734,1002,1,0.044088912,0.076003719,32.5,1.5,80,1.113519574
2109342,74,oconto river,1041386160,5.218166101,0.022512193,41.96702656,0.884896759,1.27813159,21.82178284,28.80748396,5,2530.0449,yes,6.284862627,1000,1,12.05308056,19.96473552,10.2,1.4,100,0.555830491
2109335,75,no name,8290233.544,9.960232207,0.118846277,9.722539654,0.868492024,0.950770215,57.06449696,21.31462266,1,19.7631,no,12.28994132,998,1,0.095951777,0.155956221,29.4,2.2,93,1.952730088
2109327,76,no name,9059422.537,6.688311688,0,14.16883117,0.593073593,1.12987013,50.69264069,26.72727273,2,20.8368,no,22.38045028,996,1,0.104854428,0.163880493,26.3,1.6,76,0.59904112
2109324,77,thomas slough,18268945.25,5.454703002,0.012997704,9.988735323,1.119968806,0.814522768,43.13937871,39.46969369,3,41.5629,no,16.09978166,994,1,0.211446126,0.325101595,25.9,1.3,85,0.457136052
2109321,78,no name,1293615.498,1.905654483,0.031240237,35.70759138,1.21836926,0,12.96469853,48.17244611,1,2.8809,no,11.52028455,992,1,0.014972402,0.023132559,23.3,0.5,25,0.078412996
2109320,79,no name,24039351.16,7.353440087,0.11874067,25.22899986,2.205183878,0.627629258,34.96743113,29.49857511,3,53.2566,no,12.51511908,990,1,0.278233231,0.428023575,29.8,1.5,96,1.413830398
2109316,80,peshtigo river,1235818463,4.550464175,0.041507132,44.14991087,1.886679211,1.236621926,15.765729200000001,32.36908748,5,2919.4038,yes,5.549517153,988,1,14.30345443,22.20002534,7.7,1.3,100,0.430348895
2109314,81,no name,2948282.983,5.521472393,0,36.27463778,1.527215768,0.143584388,15.9770265,40.55606318,1,6.9048,no,0.47847739,986,1,0.034123646,0.052396316,22.2,1.5,94,0.495046924
2109307,82,little river,14857939.56,10.35259418,0.466550476,26.50489342,1.362112884,7.017026411,14.22174554,40.07507709,2,33.7212,no,18.76544474,984,1,0.171966893,0.258317458,78.1,2,100,2.779838796
2109301,83,no name,3799230.304,70.88487155,0,3.848186912,0,1.247489164,1.63865102,22.38080135,1,8.5293,no,249.0067194,982,1,0.043972573,0.065297755,304.9,8.1,100,30.02743484
2109298,84,Menominee River,4701502225,4.015014316,0.142125803,55.09010367,2.028439597,2.475071648,4.45791409,31.79133087,6,10535.0895,yes,5.984517889,980,1,54.41553501,80.87660781,6.4,1.2,100,0.500797862
2109283,85,hay creek,1577541.47,59.75512377,0,14.98536066,0,0.266169816,18.71173809,6.281607666,1,3.3894,no,40.73411081,978,1,0.018258582,0.026286424,115.3,3.3,95,10.24668083
2109273,86,Turtle Creek,6719229.543,14.51501662,0.250799423,19.88839426,0.175559596,5.749576776,10.75302527,48.66762806,2,14.3811,no,50.17898929,976,1,0.07776886,0.111690465,48,2.3,100,3.7039239
2109272,87,bis creek,2658500.194,10.57934509,0,15.28652393,0.125944584,3.794080605,15.28652393,54.92758186,1,5.7321,no,22.55044848,974,1,0.030769678,0.044462005,42.3,2,100,2.384989794
2109270,88,springer creek,6406808.002,6.260564296,0.039006631,25.87439865,0.214536471,2.743466389,10.26524509,54.60278247,2,13.8537,no,4.594489418,972,1,0.07415287,0.108259132,16.8,1.5,72,0.705840317
2109270,88,springer creek,6406808.002,6.260564296,0.039006631,25.87439865,0.214536471,2.743466389,10.26524509,54.60278247,2,13.8537,no,5.378350621,972,2,0.07415287,0.108259132,16.8,1.5,72,0.705840317
2109257,89,beattie creek,10269726.76,5.266286258,0.075289269,30.638770010000002,0.836107149,2.555872563,10.23934062,50.38833413,2,22.7124,no,3.330296895,966,1,0.118862578,0.179857136,7.9,1.4,83,0.493976858
2109245,90,johnson creek,7633446.916,2.444258348,0.047105621,8.49994766,0.0994452,0.989218047,11.4676018,76.45242332,2,17.1954,no,1.903669744,964,1,0.08835008,0.135998644,7.9,0.6,67,0.202292474
2109240,91,no name,4971812.194,3.92701309,0,19.84926616,0.388734629,0.69813566,6.021420071,69.11543038,2,11.3445,no,3.108942546,962,1,0.057544123,0.090060776,7.9,0.9,69,0.469337564
2109237,92,fowler creek,4473037.936,1.557276087,0.00879817,42.31039944,1.240541967,1.645257786,1.205349287,52.03237727,1,10.2294,no,14.02949636,960,1,0.051771272,0.080946338,7.9,0.2,59,0.098715467
2109234,93,releau creek,6987940.013,3.644371043,0,29.09991742,4.08477842,1.42031379,0.357830994,61.39278833,2,16.3485,no,4.37382799,958,1,0.080878935,0.128623213,7.9,0.8,53,0.204954583
2109230,94,cedar river,344079111.8,4.338258993,0.24910546,29.93198765,1.823932698,2.314058616,8.030045615,53.31261096,4,825.165,yes,1.510153262,955,1,3.982397127,6.504290545,4.9,1.1,100,0.569207613
2109224,95,deer creek,21638533.67,2.499042034,0.013328224,31.74949603,2.690635256,1.376139147,0.043316729,61.62804258,3,54.0252,no,0.5,953,1,0.250445992,0.410837043,6.6,0.7,59,0.113763577
2109224,95,deer creek,21638533.67,2.499042034,0.013328224,31.74949603,2.690635256,1.376139147,0.043316729,61.62804258,3,54.0252,no,0.892683998,953,2,0.250445992,0.410837043,6.6,0.7,59,0.113763577
2109217,96,bark river,50325417.93,5.33322624,0.543496449,27.73103619,1.221528349,2.538101645,17.12281547,45.50979565,3,135.0036,no,13.29672198,949,1,0.582470115,1.004386644,12.4,1.2,99,0.731393829
2109206,97,sunny brook,7615015.245,3.937387116,0.004013646,26.20509733,2.319887618,2.628938391,3.724663857,61.18001204,2,22.4352,no,4.182038385,947,1,0.088136751,0.170563222,13.3,1.5,63,0.447729461
2109205,98,ford river,407178588.1,2.974870282,0.124574671,39.84512949,2.899959681,2.870342109,4.139451284,47.14567248,5,1197.5184,no,2.904983297,945,1,4.71271514,9.116389558,3.6,1.1,99,0.292317763
2109203,99,portage creek,25294937.92,15.45003977,1.574986233,18.74931163,1.929878235,2.267637521,4.86936303,55.15878358,3,73.6056,no,28.25707039,943,1,0.292765485,0.563026031,51.8,1.8,100,4.725141837
2109203,99,portage creek,25294937.92,15.45003977,1.574986233,18.74931163,1.929878235,2.267637521,4.86936303,55.15878358,3,73.6056,no,29.1574471,943,2,0.292765485,0.563026031,51.8,1.8,100,4.725141837
2109188,100,escanaba river,832530500.6,4.077513373,1.786165899,46.12348589,4.743332618,4.330343096,2.565129936,36.37402919,5,2504.3265,yes,20.41351525,941,1,9.635769683,18.90994015,8.6,1.3,100,0.655245392
2109188,100,escanaba river,832530500.6,4.077513373,1.786165899,46.12348589,4.743332618,4.330343096,2.565129936,36.37402919,5,2504.3265,yes,20.19233612,941,2,9.635769683,18.90994015,8.6,1.3,100,0.655245392
2109159,101,days river,68715259.07,4.191662821,0.025820203,37.46896082,2.921528556,1.29155954,2.953941152,51.14652691,3,164.0619,yes,7.537224476,939,1,0.795315498,1.431881691,16.6,1.2,97,0.562726629
2109152,102,tacoosh river,33855961.33,5.905091659,0.101975478,37.17243342,2.592074371,1.395641141,6.980577229,45.852206700000004,2,75.9537,no,4.377637882,937,1,0.391851404,0.681337809,4.1,1.4,100,0.898901568
2109151,103,rapid river,161214654.2,2.897518139,0.058408568,37.15011505,1.529700253,1.098685304,3.090367118,54.17520556,3,357.9048,yes,6.918529608,935,1,1.86591035,3.252802066,3.2,1.1,100,0.316527188
2109161,104,black george,10193221.08,11.74231645,0.181417188,31.58437678,6.114826409,21.41078543,8.348747866,20.61752988,2,25.4502,no,9.723976206,932,1,0.117977096,0.223359917,2.7,2.7,84,1.392637386
2109187,105,squaw creek,25683368.9,3.402151788,0.154240995,23.79483419,2.565204749,3.907859969,5.1835088560000004,60.99219945,2,71.2215,no,6.667208535,930,1,0.297261214,0.576047089,2.6,1.1,81,0.269463575
2109201,106,wilsey bay creek,9910869.972,3.828187724,0.029194949,7.984818626,0.609444566,4.685789358,4.714984308,78.14758047,2,25.0461,no,11.7354151,928,1,0.114709143,0.211873191,2.7,1.3,44,0.249847282
2109193,107,granskrog creek,7888048.539,2.326156892,0.10888394,12.20984905,1.529324425,3.217025489,1.742143034,78.86661717,2,18.9576,no,1.89967055,926,1,0.091296858,0.175949124,2.7,0.8,39,0.196638815
2109184,108,martin creek,7402489.032,3.456852792,0.61928934,29.8680203,3.538071066,7.335025381,1.015228426,54.16751269,2,17.7345,no,12.67635305,924,1,0.085676956,0.169743222,2.2,1,40,0.469068764
2109173,109,big river,5527494.069,2.405357387,0.225502255,19.05152385,0.813174798,4.701380347,0.90200902,71.90105234,2,13.176,no,7.220230228,922,1,0.063975626,0.127077527,2,1.3,75,0.252322404
2109172,110,little river,7340540.665,3.990755008,0.041088855,27.03133025,2.886492039,9.090909091,4.411915768,52.54750899,2,17.5311,no,26.14586977,920,1,0.084959961,0.168685952,2.1,1.4,37,0.263155193
2109165,111,ogontz river,37142501.15,3.979249313,0.042722002,27.15898688,1.520699827,1.747533313,0.826975893,64.72383277,2,88.5465,no,4.976944978,918,1,0.42989006,0.848546276,2.5,1.3,72,0.373654521
2109144,112,Whitefish River,390754972.6,2.251889271,0.20348601,44.58160658,2.325586645,2.062059283,3.544584089,45.03078812,5,800.1297,yes,4.393680097,934,1,4.522626998,7.487799414,4,1,92,0.212113611
2109170,113,sturgeon river,257438949.5,2.545166026,0.349793334,44.334798,2.351940644,1.935349329,0.19224785,48.29070482,3,568.1772,yes,2.957497133,916,1,2.979617471,6.016701147,2.8,1.3,93,0.230781172
2109149,114,fishdam river,113949820.8,3.756933189,0.146098827,47.04716799,2.43832622,3.559160731,8.345477256,34.70683579,3,244.161,no,2.499146627,914,1,1.318863667,2.566937584,2,1.4,100,0.440303734
2109148,115,hog island creek,20386074.2,4.317850448,0.054155384,35.42803583,4.030410331,4.265777963,0.110393668,51.79337638,3,43.4286,no,6.9525087,912,1,0.235949933,0.4594487,2,1.2,100,0.505222365
2109167,116,velentine creek,11297259.66,2.813617286,0.007772423,32.39934712,2.592103218,4.267060469,5.673869112,52.24623037,1,23.1633,no,4.192979015,910,1,0.13075532,0.246150677,2,0.9,63,0.273808136
2109183,117,garden creek,16698058.41,4.648049479,0.238292859,22.69404803,1.081688934,7.842244772,16.70727463,46.7884013,2,33.651,no,5.364372822,908,1,0.193264565,0.352806382,2,1.2,98,0.90109655
2109180,118,birch creek,7239147.064,5.253837072,1.515151515,33.33989243,6.080283353,6.132756133,0,47.6780795,2,13.7214,yes,1.609529506,902,1,0.083786424,0.145987484,2.1,1.6,52,0.512593467
2109178,119,parent creek,9075781.859,3.006096279,0.336346437,38.84275804,8.172167332,5.586504099,0,44.05612781,2,17.1513,no,1.250338768,900,1,0.105043772,0.183306403,2.1,1.4,47,0.205121478
2109178,119,parent creek,9075781.859,3.006096279,0.336346437,38.84275804,8.172167332,5.586504099,0,44.05612781,2,17.1513,no,0.512752113,900,2,0.105043772,0.183306403,2.1,1.4,47,0.205121478
2109176,120,no name,1745626.209,5.771396396,0.028153153,43.2713964,3.434684685,6.672297297,0,40.82207207,1,3.1968,no,9.935252357,898,1,0.020204007,0.035528069,2.1,1.7,68,0.383164414
2109162,121,bursaw creek,13835103.75,2.379952401,0.64748705,23.82402352,4.164916702,6.471370573,0,62.51224976,2,25.8273,no,1.603766698,896,1,0.160128516,0.294574762,2.1,0.8,52,0.153988222
2109160,122,gierke creek,2484509.585,4.370527944,0.038677238,54.65093792,8.489653839,7.600077354,0,24.8501257,1,4.6557,no,1.725767617,894,1,0.028755898,0.053388354,2.1,2,50,0.44229654
2109160,122,gierke creek,2484509.585,4.370527944,0.038677238,54.65093792,8.489653839,7.600077354,0,24.8501257,1,4.6557,no,1.010195804,894,2,0.028755898,0.053388354,2.1,2,50,0.44229654
2109153,123,snyder creek,5980000.719,3.643724696,2.143367468,33.01579741,9.962689529,10.5025006,0.127014369,40.60490593,2,11.3373,no,1.835989665,892,1,0.069212971,0.130989348,2.1,1.1,81,0.553465111
2109145,124,thompson creek,14223620.29,8.84824518,0.065908716,48.6472236,15.57752513,10.30482781,0.810677212,15.74559235,2,27.4707,yes,79.01707186,890,1,0.164625235,0.321639086,3.9,2.2,100,1.248566655
2109143,125,southtown creek,6893483.111,4.873926857,0.358277564,14.51362131,0.73683499,3.298857568,0.128439127,76.09004259,1,13.3479,no,17.35122042,888,1,0.079785684,0.164864355,97,0.9,100,1.458836221
2109142,126,manistique river,1992229963,3.062939972,0.115112227,39.12376197,3.722794719,4.361031914,1.006724938,48.60763426,6,3809.9529000000002,yes,3.17722235,886,1,23.05821716,48.43499587,2.4,1,100,0.375598029
2109140,127,Orr creek,2013658.196,12.58924322,0.571156592,50.14278915,1.07091861,12.39885769,9.043312708,14.18372204,1,3.7818,yes,36.87344101,884,1,0.023306229,0.04910595,5,2.1,100,3.822465493
2109139,128,Snyder Creek,6191978.746,9.304368661,0.047919495,15.21443974,0.495168118,3.745707212,9.000878524,62.19151825,1,11.2689,no,3.319032895,882,1,0.071666421,0.148221913,1.3,1.5,100,2.919016053
2109137,129,Marblehead Creek,17286226.16,5.750157313,0.155814581,27.26455518,0.563329638,1.77988194,9.732418422,54.75384293,3,31.338,no,13.75470781,880,1,0.200072062,0.413284293,1.3,1,80,1.128144744
2109135,130,no name,1604702.047,0.956327702,0.318775901,21.07108703,0.28689831,6.853681862,0.22314313,70.29008607,1,2.8449,no,1.523176779,878,1,0.01857294,0.03732164,1.3,0.3,58,0.269851313
2109135,130,no name,1604702.047,0.956327702,0.318775901,21.07108703,0.28689831,6.853681862,0.22314313,70.29008607,1,2.8449,no,0.818717349,878,2,0.01857294,0.03732164,1.3,0.3,58,0.269851313
2109136,131,Gulliver Lake Outlet,11052102.59,8.346672765,0.245826664,22.89046421,0.234392865,2.463983535,8.575348731,57.24331123,2,19.3536,yes,5.994752967,876,1,0.127917854,0.253214296,1.3,1.4,100,2.063848586
2109133,132,Bulldog Creek,2903688.816,4.053608096,0.275007334,30.27464066,1.287034321,3.074581989,1.52537401,59.50975359,2,55.3842,yes,8.808956722,872,1,0.033607509,0.709374432,1.3,0.8,88,0.895007963
2109132,133,Milakokia River,95349661.18,2.887496595,8.578346802,24.92750991,1.874754079,6.038923696,0.216713581,55.47625533,4,159.3342,yes,7.784017176,870,1,1.103584041,2.013667187,2.2,0.8,100,0.563421412
2109131,134,hudson creek,5073786.306,0.938856942,0,35.14845675,0.891914095,0.539842741,0,62.48092947,1,7.8399,no,1.333532745,864,1,0.058724379,0.09441097,3,0.5,32,0.078291815
2109130,135,newton creek,3071021.89,3.347689898,0.274079875,60.31714957,1.566170713,3.563038371,0.626468285,30.30540329,1,4.698,no,1.473715454,862,1,0.035544235,0.056223904,3,1.5,45,0.3151341
2109116,136,rock river,26704122.99,4.577366399,0.401676563,28.33915473,1.835487251,4.219350332,5.754453371,54.87251135,2,51.6762,no,8.148967779,852,1,0.309075498,0.483283988,2.9,1.1,100,0.952976419
2109111,137,Lower millecoquins river,130121448.3,3.91692096,0.181422603,36.87536059,3.716382948,5.53756004,12.45629523,37.31605764,4,263.5416,yes,3.027807864,850,1,1.506035281,2.271080852,2.1,1.2,97,0.469975139
2109111,137,Lower millecoquins river,130121448.3,3.91692096,0.181422603,36.87536059,3.716382948,5.53756004,12.45629523,37.31605764,4,263.5416,yes,2.443989191,850,2,1.506035281,2.271080852,2.1,1.2,97,0.469975139
2109112,138,Matix Creek,2351233.687,2.785095973,0.018818216,36.69552126,0.207000376,1.561911931,0,58.73165224,1,4.7826,no,5.407327221,846,1,0.027213353,0.037086303,1.8,0.9,60,0.359239744
2109110,139,Black River,62816264.14,3.263933772,0.009626095,39.51924531,2.339141077,9.127600765,0.462740137,45.27771284,3,131.0922,no,2.723360152,844,1,0.727040094,0.973351875,1.5,1.1,91,0.316481072
2109113,140,hog island creek,4585385.74,3.007014334,0,42.24153705,3.315035072,8.850259225,0.21957914,42.36657518,2,29.5389,no,1.767195733,842,1,0.053071594,0.243612631,1.5,0.9,61,0.259742238
2109114,141,davenport creek,11568391.85,1.838976427,0.016456165,38.87357551,6.710001234,5.368823796,0,47.19216687,1,21.9609,no,0.677,840,1,0.133893424,0.18546038,1.5,0.6,71,0.169050449
2109115,142,Paquin Creek,34802678.64,2.539269607,0.132901639,36.97069095,2.871523703,5.618628851,0.230457097,51.63652816,3,65.196,yes,1.0954,838,1,0.402808781,0.577454088,1.5,0.8,90,0.351794589
2109115,142,Paquin Creek,34802678.64,2.539269607,0.132901639,36.97069095,2.871523703,5.618628851,0.230457097,51.63652816,3,65.196,yes,1.154226688,838,2,0.402808781,0.577454088,1.5,0.8,90,0.351794589
2109120,143,no name,1772096.729,8.783783784,0.108108108,60.10810811,0.135135135,10.54054054,0.459459459,19.86486486,1,3.33,no,17.32086662,834,1,0.020510379,0.032666617,3.9,2.3,94,1.668918919
2109122,144,Brevort River,83984488.85,4.002030298,0.105419335,43.05468791,1.175230361,6.34272997,0.340985996,44.97891613,3,156.4344,yes,1.333367264,832,1,0.972042695,1.575812221,5.2,1.1,75,0.399629493
2109125,145,Pointe aux Chennes River,23186060.17,3.598983187,0.182847969,21.04758507,0.559693172,6.170004014,2.252151808,66.18873478,2,43.0371,no,8.225982533,831,1,0.268357178,0.435630038,9.7,0.9,100,0.611033271
2109134,146,Moran river,10437815.5,10.13667426,0.947401118,35.63367157,0.559121971,2.826672189,0.641954856,49.25450404,2,19.5381,no,14.11299068,827,1,0.12080805,0.19758661,9.7,1.6,100,2.442811737
2109154,147,French Farm Creek,20229088.14,7.78322926,0.700904804,16.52542373,0.563909774,2.33210144,0.165668408,71.92876258,2,31.1319,yes,12.94799103,1405,1,0.234132965,0.346280011,8.5,1.3,92,1.10346622
2109155,148,Carp Lake river,79428081.78,6.863120504,0.134427218,23.52476312,1.448555111,7.13360436,8.580530051,52.31499963,2,118.8423,yes,6.494108657,1403,1,0.919306502,1.328854437,8.9,1.6,91,1.100274902
2109186,149,Wycamp Creek,55196387.97,4.309759852,0.026480859,41.26214396,3.545125039,13.58633588,16.43468331,20.83547111,3,57.204,yes,2.440480053,1400,1,0.638847083,0.79927061,10.9,1.4,70,0.413058527
2109191,150,no name,14456176.8,4.164691542,0.182840116,61.393648,1.598158055,16.40143563,11.98618541,4.273041241,2,13.2903,no,2.171074748,1398,1,0.167316861,0.204819458,14.1,1.8,75,0.449989842
2109219,151,Bear River,434143612.8,7.578560592,0.088978792,51.8451897,1.113515174,6.549863331,13.96678979,18.85710262,4,300.5118,yes,10.33026512,1396,1,5.024810333,5.933195523,35,1.8,100,1.53136549
2109222,152,Susan Creek,37598924.16,5.784392259,0.016864117,35.5748556,1.235296598,10.41780851,29.37307644,17.59770648,2,21.9411,no,645.2366724,1394,1,0.435172733,0.509256039,27.2,1.6,61,0.846753353
2109222,152,Susan Creek,37598924.16,5.784392259,0.016864117,35.5748556,1.235296598,10.41780851,29.37307644,17.59770648,2,21.9411,no,611.6881222,1394,2,0.435172733,0.509256039,27.2,1.6,61,0.846753353
2109225,153,Pine River,1467313816,8.196956265,0.24549606,52.39584044,1.504761398,7.950419967,16.42142103,13.28510484,5,854.0973,yes,11.70944431,1392,1,16.9827988,19.92754646,24.5,1.8,100,1.552885836
2109227,154,mcgeach creek,43147110.26,5.192665054,0.708250061,21.96977666,1.865292241,6.363731987,40.34571018,23.55457382,2,25.992,no,5.416677214,1390,1,0.49938785,0.591343734,22.4,1.3,74,0.699099723
2109229,155,Inwood Creek,22914071.9,5.806968362,0.153517554,27.90014684,0.881057269,7.755973835,25.63743158,31.86490455,1,13.8654,no,8.775746919,1388,1,0.265209166,0.314154729,22.1,1.7,52,0.71089186
2109235,156,no name,4575852.099,6.893235011,0,30.49054184,2.789355563,8.881051619,33.72875922,17.21705675,1,2.808,no,3.494464228,1382,1,0.052961251,0.062783526,20.3,1.9,46,0.959935897
2109235,156,no name,4575852.099,6.893235011,0,30.49054184,2.789355563,8.881051619,33.72875922,17.21705675,1,2.808,no,3.575281589,1382,2,0.052961251,0.062783526,20.3,1.9,46,0.959935897
2109238,157,antrim creek,11703622.64,7.251178794,0.573467567,35.88632598,1.847839939,12.52708041,25.32177902,16.59232828,2,7.0785,no,10.10298563,1380,1,0.135458595,0.160060325,16.2,1.6,52,0.557914812
2109243,158,guyer creek,10878417.91,15.20718232,0.055248619,31.25690608,1.58839779,11.62983425,25.4558011,14.80662983,1,6.516,no,12.46907492,1378,1,0.125907615,0.147641443,15.9,3.3,98,1.658287293
2109290,159,Golden Brook,14147647.79,8.926979094,0.475577133,21.49014168,0.406222134,6.400475577,38.55147132,23.74913306,2,9.0963,no,9.383372658,1376,1,0.163745923,0.189121711,45.9,2.2,67,1.641337687
2109306,160,elk lake outlet,1884219857,8.901625418,0.202014834,50.19126936,2.908232124,12.73365536,16.65094572,8.412257182,5,1299.7665,yes,8.734242647,1374,1,21.8081002,25.21152458,19.6,2.1,100,1.353621593
2109317,161,yuba creek,27399822.65,16.94375517,0.827129859,19.63606286,2.043010753,17.77915633,30.0082713,12.76261373,1,21.7728,no,7.682534071,1372,1,0.317127577,0.366541027,41.5,1.7,100,3.418940146
2109330,162,Acme Creek,40804505.61,14.61830536,0.097422062,63.22442046,3.050059952,8.820443645,6.612210232,3.577138289,3,36.0594,yes,5.595898338,1370,1,0.47227437,0.545280637,78.7,2.8,100,2.793266111
2109333,163,no name,4968610.881,22.12319271,0.138641315,62.30936819,3.248167954,6.060606061,4.020598138,2.099425629,1,4.5468,no,11.52299281,1368,1,0.05750707,0.066127284,87,4.7,91,5.435273159
2109338,164,no name,7057076.723,20.16315432,0,54.1264446,2.52889191,10.61862678,1.930659415,10.63222298,1,6.6195,no,18.1021645,1366,1,0.081679129,0.093616528,112,3.3,100,5.161930659
2109337,165,East Branch Mitchel Creek,43464671.46,32.45040477,0.011120007,18.11004359,2.039409305,12.57228005,21.93087804,12.88586425,3,40.5135,no,16.85902562,1364,1,0.503063327,0.577912194,142,2.9,100,10.52080418
2109334,166,Boardman River,800606476.8,12.83791399,0.209893025,45.07127095,6.295538396,14.53308821,10.03241069,11.01988473,4,735.1434,yes,18.13662856,1362,1,9.266278667,10.68213048,53,2.7,100,3.049590733
2109326,167,Cedar Creek,19100345.55,13.93387314,0.275528565,42.53823662,2.732793522,11.67903734,21.16509222,7.675438596,2,17.0631,yes,8.622945831,1360,1,0.221068814,0.256277566,84.7,2.7,100,3.516060974
2109292,168,Leo Creek,13951178.25,12.75306871,0.526064084,23.21058505,1.697752272,15.73409852,28.20022318,17.87820819,1,11.3085,yes,10.44176751,1358,1,0.16147197,0.194332938,38.4,3,100,2.630481496
2109279,169,no name,4714433.711,6.697071531,0.264042247,25.34805569,3.192510802,7.41718675,56.02496399,1.056168987,1,3.7494,no,6.884160031,1356,1,0.054565205,0.065980051,38.4,1.7,69,1.527844455
2109276,170,Bellangers Creek,33896470.76,6.850687487,0.086367719,31.3618462,2.760312306,10.10847786,38.85856422,9.973744213,2,26.4402,yes,6.373363273,1354,1,0.392320263,0.47413646,28.6,1.9,92,1.442371843
2109269,171,Weaver Creek,7140052.463,5.128205128,0.016542597,40.23159636,1.885856079,7.841191067,34.07775021,10.81885856,1,5.4405,no,4.698992976,1352,1,0.082639496,0.100324855,18.5,1.6,41,0.67311828
2109258,172,Shady trail creek,3967302.195,8.678795109,0.417536534,25.35043245,1.491201909,2.892931703,57.62004175,3.549060543,1,3.0177,no,2.605924471,1350,1,0.045917849,0.055989981,18.5,2.3,97,1.279152997
2109248,173,Northport Creek,15213586.49,10.74272588,1.539050536,32.36600306,2.679938744,11.7151608,30.34456355,10.61255743,2,11.754,yes,14.61140896,1349,1,0.176083177,0.216259235,18.5,2.9,100,2.17856049
2109256,174,Roaring Brook,4709870.592,7.260879684,0,63.13707238,1.69885967,12.70653945,15.05701652,0.139632302,1,3.8673,no,9.733144128,1347,1,0.054512391,0.06760455,18.5,2.2,67,0.862927624
2109259,175,Gills Creek,3542458.914,8.858812673,0.030759766,50.01537988,2.2147031680000002,10.82743771,20.6705629,7.382343894,1,2.9259,no,6.961613344,1345,1,0.041000682,0.050850454,18.5,2,54,1.295908951
2109275,176,Leland River,407726783.8,8.496574698,0.330356254,35.85167724,2.029726529,13.37998163,27.03249333,12.87919032,3,361.7388,yes,7.706936763,1341,1,4.719059998,5.855186898,28.7,2,100,1.394370192
2109304,177,Shalda Creek,82965235.86,8.879831138,1.1027003419999999,52.41890482,1.631608317,15.43416551,12.81631366,7.716476211,3,81.2025,no,7.013805612,1339,1,0.960245785,1.181773003,15.7,2.3,100,1.304183984
2109311,178,Crystal River,115812736.3,6.936874916,3.073069053,69.07043008,1.263075364,10.8704798,3.449792515,5.336278278,4,120.3309,yes,2.965582278,1337,1,1.340425189,1.639705039,12.9,1.9,94,0.853149939
2109346,179,Otter Creek,7043018.934,5.167958656,0.147655962,66.61744801,0.725975145,7.715023994,0.799803125,18.82613511,1,7.7247,no,5.345591393,1335,1,0.081516423,0.092360001,13.3,1.4,54,0.391238495
2109360,180,Platte River,432963278.5,7.233354615,0.320597303,58.27959131,2.295531358,13.21321673,9.913329389,8.744379297,4,498.9402,yes,7.049858731,1333,1,5.011149057,5.722931569,32.6,2.1,100,1.213027934
2109381,181,Betsie,511510292.1,9.055833905,0.121315094,49.64989172,3.441712441,12.73760221,8.214833908,16.77881073,4,618.9471,no,13.08076078,1331,1,5.92025801,6.94633692,32.4,2.2,100,1.420764876
2109393,182,Herring lake Outlet,48386086.38,6.570835173,0.080132136,44.94268099,1.538864086,7.880750298,25.71750969,13.26922762,3,58.8735,yes,6.851535172,1329,1,0.560024148,0.662555636,14.8,1.7,99,0.95874035
2109405,183,Bowens Creek,51479447.49,6.084234571,0.228423175,44.91476432,1.933136871,16.09396371,22.93255876,7.8129186,3,64.4634,no,4.841310895,1327,1,0.59582693900000006,0.720043101,17.2,1.7,96,0.875240834
2109418,184,Hansen Creek,49030851.09,12.75967297,0.78656636,39.54699,1.778749653,14.33117381,25.62541817,5.171429038,2,63.8325,no,10.76997943,1325,1,0.567486702,0.716988427,18.7,2.5,100,2.030722594
2109418,184,Hansen Creek,49030851.09,12.75967297,0.78656636,39.54699,1.778749653,14.33117381,25.62541817,5.171429038,2,63.8325,no,10.59428739,1325,2,0.567486702,0.716988427,18.7,2.5,100,2.030722594
2109428,185,Manistee River,3538895944,6.068187735,0.156433002,56.13977403,5.220063964,11.45223627,9.141060149,11.82224485,5,5050.0872,yes,12.5880324,1321,1,40.9594438,55.7206442,12,1.9,100,0.792245983
2109434,186,Magoon Creek,8853527.123,5.858599685,0.225857231,63.43166108,3.558962426,10.49893916,10.99856273,5.427417699,2,13.1625,no,8.137726347,1319,1,0.102471379,0.144655602,34.8,1.9,100,0.960820513
2109438,187,Gurney Creek,31789459.08,8.86437451,0.33225071900000003,53.25904357,5.532534438,11.56904469,5.233882107,15.20886997,2,48.4731,no,3.978302873,1317,1,0.367933554,0.529061978,15.9,1.7,90,0.890826046
2109442,188,Cooper Creek,11839174.33,4.116411934,0.175789833,56.40412129,1.460032228,8.042384882,0.112310171,29.68894966,2,18.4482,no,1.826377546,1315,1,0.137027481,0.200527475,13.2,1.4,71,0.267001659
2109447,189,Big Sable River,273100557.2,5.4777886669999996,0.894781503,54.2492362,3.125057786,5.222195512,12.26066393,18.77027641,4,461.3454,yes,10.09516299,1311,1,3.160886079,5.063382278,11.7,1.7,99,0.544591753
2109451,190,Lincoln River,155294466.2,8.3,0.10070922,34.16843972,2.855319149,9.786524823,28.5177305,16.2712766,3,260.0964,no,11.67654497,1309,1,1.797389655,2.906496636,21.5,1.8,100,1.278588631
2109454,191,Pere Marquette River,1166928437,6.019958123,0.085496209,57.74404625,3.623827863,5.336035045,12.44782868,14.74280784,5,1957.581,yes,20.96490494,1307,1,13.50611617,22.15796265,13.4,1.8,100,1.013845404
2109459,192,Kibby Creek,35046761.42,13.19704068,0.687773098,21.0417554,2.102755825,7.557616772,45.36936255,10.04369568,3,59.6862,yes,39.05962317,1305,1,0.405633813,0.695682985,18.5,2.9,100,2.866009228
2109461,193,Pentwater River,251967821.7,7.616890584,0.211471724,32.46996094,1.916616782,9.847012139,34.4194916,13.51855623,5,442.2366,yes,12.26819173,1304,1,2.916294233,5.161342061,19.2,2,100,1.651697078
2109471,194,Silver creek,30530976.88,10.64085804,3.153782162,40.17469844,2.449640502,9.34101848,27.45112603,6.788876344,3,64.1268,yes,8.380552114,1302,1,0.353367788,0.737331684,18.9,2.4,97,2.702520631
2109474,195,Stony Creek,64356589.4,10.96552695,0.253973305,33.81578062,2.383677166,9.46739044,38.70553172,4.408119802,3,148.6989,yes,20.68513764,1300,1,0.744867933,1.781821582,22.2,2.6,100,2.510492008
2109478,196,Flower Creek,33633571.49,10.07474951,1.56708901,27.79833537,1.276573186,9.171393734,45.75836293,4.353496263,3,85.3731,no,12.78963103,1298,1,0.389277448,1.03528835,24.5,2.2,97,1.985715641
2109479,197,Little flower Creek,2302110.362,5.774798111,1.493219564,35.6849002,2.727411245,5.835745848,42.09964955,6.384275484,1,5.9067,no,15.45978368,1296,1,0.026644796,0.071597285,32.6,2.1,77,1.223525827
2109480,198,White River,504195013.4,7.404815101,0.237396471,50.33080696,3.138697527,7.305763244,18.51666236,13.06585833,4,1393.7562,yes,18.62113849,1294,1,5.835590433,16.96543089,25.4,2,100,1.298863245
2109481,199,Duck Creek,19874014.91,13.9583604,0.360530077,56.62595817,1.926075094,14.66480447,2.588670911,9.875600883,3,56.4678,no,12.34716237,1292,1,0.230023321,0.691292693,68.7,2.1,100,2.288196105
2109488,200,Muskegon,2218107696,8.893420371,0.215528421,41.19382049,3.206856475,7.272009264,20.39894571,18.81941927,6,7061.8563,yes,18.53280147,1290,1,25.67254278,87.69930537,33.5,2,100,1.733481025
2109488,200,Muskegon,2218107696,8.893420371,0.215528421,41.19382049,3.206856475,7.272009264,20.39894571,18.81941927,6,7061.8563,yes,18.08767416,1290,2,25.67254278,87.69930537,33.5,2,100,1.733481025
2109489,201,Mona Lake Outlet,55459941.38,38.66969859,0.20710771,26.28899782,0.291083046,4.546934193,20.90278204,9.093396614,3,193.8681,no,47.89784808,1288,1,0.64189747,2.411440692,234.5,3.9,100,11.9423051
2109489,201,Mona Lake Outlet,55459941.38,38.66969859,0.20710771,26.28899782,0.291083046,4.546934193,20.90278204,9.093396614,3,193.8681,no,48.59677285,1288,2,0.64189747,2.411440692,234.5,3.9,100,11.9423051
2109490,202,Little Black Creek,7565273.096,43.66493229,0.292891355,32.08710933,0.196409497,4.899900072,4.968815685,13.88994177,2,27.0963,yes,93.05944403,1286,1,0.087561031,0.335978066,233.1,3.6,100,13.65901618
2109493,203,Grand River,4364737999,15.04676726,0.38741135,16.89084402,0.255386722,0.948920695,54.28126848,12.18940147,6,14456.2365,yes,51.41636743,1284,1,50.51780091,177.7843366,108.4,2.2,100,4.253286524
2109494,204,little pigeon creek,9156101.107,14.44377885,0.458085204,44.19465097,1.701962719,10.62052926,11.76574227,16.81525071,2,25.5645,no,22.77852187,1282,1,0.105973392,0.324722848,78.4,2.7,100,3.955852843
2109495,205,Pigeon River,64763094.85,13.31742767,1.194021665,24.43000137,0.680652681,3.999451529,48.42506513,7.953379953,3,164.8197,no,20.97722898,1280,1,0.749572857,2.102238047,63,2.4,100,3.67746392
2109501,206,macatawa river,224852154.2,35.06460666,0.856240336,7.5187892,0.188202911,0.912825572,51.59309204,3.866243279,4,442.3725,yes,41.67546672,1278,1,2.602455488,5.779214785,245.2,3.5,100,12.48160724
2109506,207,Kalamazoo River,3125194745,13.99892209,0.463500089,21.92658876,0.39384667,1.387897216,49.14999943,12.67924574,5,5272.1784,yes,43.46074622,1274,1,36.17123547,71.33261924,88.6,2.2,100,3.524051993
2109510,208,Pier Cove creek,3216606.523,9.562488462,0.203064427,31.88111501,1.329148975,3.525936865,46.15100609,7.34724017,1,4.8861,no,48.99212464,1272,1,0.037229242,5.871147054,29.9,2.3,98,2.5734021
2109512,209,Plummerville,8125218.393,10.18286388,0.420291992,28.1448164,0.49402743,7.72010028,44.61731308,8.420586934,2,12.213,no,22.25177575,1270,1,0.09404188,0.172138095,29.8,2.6,90,2.129771555
2109513,210,Glenn Creek,6606363.137,13.73662168,0.390879479,29.16705444,0.418799442,4.839460214,41.72173104,9.725453699,2,9.6705,no,47.48495521,1268,1,0.076462536,0.138438351,29.8,3.4,97,3.128152629
2109514,211,Sylvan Spring Creek,2501111.798,17.37729301,0.272682201,42.63758057,0.396628656,3.941497273,25.33465543,10.03966287,1,3.6441,no,22.77843959,1266,1,0.028948053,0.05231933,28.4,3,59,1.524573969
2109520,212,Black river,543588253.1,8.736757038,0.216610761,24.82069033,0.56545126,3.938478116,44.62501491,17.09699759,5,742.1697,yes,19.89633696,1264,1,6.291530707,11.04540188,37.2,1.8,100,1.751693177
2109522,213,Deerlick Creek,14543880.43,21.97359277,0.032429928,28.20013899,0.333564976,6.986333102,26.44892286,16.02501737,2,19.4328,no,29.38550519,1262,1,0.168331949,0.291973523,81.3,2.4,100,4.638847721
2109524,214,no name,5980903.4,20.58722724,0.262767051,41.34582429,0.479835485,9.996572604,11.43607906,15.89169428,2,7.8777,no,47.5039036,1260,1,0.069223419,0.119116437,77.6,3.5,86,3.280818005
2109527,215,Brandywine Creek,32745862.27,9.795448623,0.63189438,38.26543907,0.366976461,10.88986363,16.35759576,23.69278207,3,41.4981,no,25.61838768,1258,1,0.379003036,0.637068425,32.1,2.4,100,1.856969355
2109534,216,St. Joseph River,9240360086,14.04596565,0.246862137,11.63242281,0.287121395,0.994699889,60.05446495,12.73846317,6,12225.9825,yes,32.06738741,1254,1,106.9486121,179.9062042,79.1,2.2,100,3.626588464
2109536,217,Weko Creek,4146133.882,54.74938661,0.94637224,24.80429957,0.105152471,4.533239864,13.00385559,1.857693656,1,7.7031,no,132.6788495,1250,1,0.047987661,0.088896634,94.1,5.1,100,15.97534759
2109542,218,galien River,222549229.3,8.285273672,0.53438634,20.75700426,0.823737962,8.138610556,48.13570909,13.32527812,5,455.4963,yes,18.56820773,1241,1,2.575801265,4.817541028,38.5,1.9,100,1.842618261
2109544,219,White Ditch,11871460.54,26.84786574,0.069317767,33.54615104,0.149580445,7.406056184,9.868661073,22.11236775,2,24.7833,no,91.88340425,1239,1,0.137401164,0.252395222,141,4.6,100,7.830555253
2109547,220,Trail Creek,43710494.74,22.43200344,0.071606736,28.46009715,5.063192944,11.70591114,19.4812092,12.7859794,4,151.2738,yes,63.09132314,1237,1,0.505908504,1.142292307,180.8,3.4,100,8.429629586
2109548,221,no name,12882154.83,41.76175514,0.465795711,16.96709112,3.359792735,5.636403726,6.173860316,25.63530125,2,32.8788,no,115.2383438,1235,1,0.149099014,0.288534195,406,5.2,100,18.3406055
2109551,222,Dunes Creek,12417387.96,23.97003745,0.24785195,35.45384446,3.679224499,4.549460234,1.239259749,30.86032166,2,16.398,yes,25.44738505,1231,1,0.143719768,0.197591801,182.1,3.8,100,6.853512623
2109551,222,Dunes Creek,12417387.96,23.97003745,0.24785195,35.45384446,3.679224499,4.549460234,1.239259749,30.86032166,2,16.398,yes,27.48459409,1231,2,0.143719768,0.197591801,182.1,3.8,100,6.853512623
2109555,223,Portage Burns waterway,1013595431,38.31029267,0.277545667,13.12894662,4.486635711,6.567382038,27.59241826,9.636779032,5,858.1266,yes,46.39459889,1229,1,11.7314286,13.89802052,340.7,4.5,100,14.2058053
2109554,224,Calumet River,11798192.12,89.28780678,0.559859384,0.683549248,0.022784975,2.68211705,1.692598138,5.071284422,2,28.5219,no,38.00377511,1227,1,0.13655315,0.173067914,819.5,5.7,100,60.74803572
2109531,225,Waukegan River,11339817.3,90.35654082,0,5.648675297,0.066791769,1.173626793,0.047708406,2.706656913,2,28.314,no,260.373623,1218,1,0.131247885,0.279794308,2190.8,10,100,39.57727273
2109526,226,Bull Creek,5212863.441,73.12576189,0.177773263,12.60666396,0.152377082,2.427874848,1.21901666,10.2905323,2,17.73,no,70.39308574,1214,1,0.060334068,0.159250965,824.6,6.9,100,22.10903553
2109523,227,Kellog Creek,3878705.963,58.41186959,2.852776363,12.792919,0.706826286,5.973000509,10.22669384,9.035914417,2,14.2758,no,95.52239407,1212,1,0.04489243,0.123470253,523.5,5.7,100,18.47289119
2109523,227,Kellog Creek,3878705.963,58.41186959,2.852776363,12.792919,0.706826286,5.973000509,10.22669384,9.035914417,2,14.2758,no,95.53565945,1212,2,0.04489243,0.123470253,523.5,5.7,100,18.47289119
2109521,228,no name,2192683.385,54.70711297,0,11.89330544,0.010460251,3.734309623,16.64225941,13.0125523,1,8.604,no,143.3500035,1210,1,0.02537828,0.073119984,508.5,6.6,100,17.03922594
2109519,229,no name,1196099.898,46.45953757,0.596098266,18.69580925,0.23482659,8.815028902,22.47109827,2.727601156,1,4.9824,no,67.38964739,1208,1,0.013843749,0.04172914,236.3,4.4,100,10.36940029
2109518,230,barnes creek,2838768.453,48.81730119,0.277840354,16.14477735,0.698355485,4.595629646,24.93804911,4.528046857,1,12.0672,no,36.14536563,1206,1,0.032856116,0.100379288,480.6,4.8,100,13.48687351
2109515,231,Pike River,27934082.25,41.14733943,0.446462301,6.980609799,0.427230079,4.216664721,44.61738181,2.164311864,3,131.454,no,98.67452113,1204,1,0.323311137,0.998179095,391.2,3.7,100,17.55162947
2109508,232,Root River,84131436.41,34.50360876,0.415293052,9.174952308,0.552962172,1.863192411,48.86462537,4.625365931,4,514.26,yes,56.0093839,1202,1,0.973743477,3.686562759,370,3.8,100,12.55416346
2109505,233,no name,826205.6468,82.97219213,5.290718671,2.491874323,0,3.882267967,1.570964247,3.791982665,1,5.022,no,170.8374474,1200,1,0.009562565,0.037426601,761.8,7.2,100,28.25322581
2109504,234,no name,1263006.428,58.34056399,0.347071584,14.63123644,0.151843818,1.095444685,21.75704989,3.676789588,2,8.298,no,265.0917509,1198,1,0.01461813,0.06202046,436.8,4.7,100,20.65184382
2109500,235,Oak Creek,14091845.61,69.71935965,0.235919373,12.09151598,1.042193272,3.111024694,10.254715149999999,3.545271891,2,69.5016,yes,225.5992784,1194,1,0.163100065,0.611838693,709.6,5.8,100,30.61243914
2109496,236,Milwaukee River,1518004667,30.21240094,0.171435786,12.15915314,0.706649947,0.826447959,43.63741027,12.28650196,5,2239.6761,yes,73.25287075,1192,1,17.56949846,39.6799483,432.6,3.8,100,11.77530421
2109496,236,Milwaukee River,1518004667,30.21240094,0.171435786,12.15915314,0.706649947,0.826447959,43.63741027,12.28650196,5,2239.6761,yes,72.36805839,1192,2,17.56949846,39.6799483,432.6,3.8,100,11.77530421
